2isa.org,7ou.edu.ly,IedParis8.net,Inacap.cl,a-aarhus.dk,aabfs.org,aabu.edu.jo,aalto.fi,aamu.edu,aasa.ac.jp,aast.edu,aau.at,aau.dk,aau.edu.et,aau.edu.jo,aau.edu.sd,aauj.edu,ab.edu,abasyn.edu.pk,abdn.ac.uk,aber.ac.uk,abertay.ac.uk,abo.fi,abu.ac.jp,ac.ac.cy,ac.sy,aca.edu,acad.espm.br,academia.cl,academiaga.ru,academy.edu,academy.sumy.ua,academyart.edu,acadiau.ca,acc.edu,accrapolytechnic.edu.gh,acg.gr,acms.edu.my,acmt.ac.ir,acp.edu,acs.edu.au,act.edu,acu.edu,acu.edu.au,ada.edu.az,adams.edu,adamson.edu.ph,addu.edu.ph,adelaide.edu.au,adelphi.edu,adenuniversity.edu.ye,adiban.ac.ir,adler.edu,admu.edu.ph,adnu.edu.ph,adrian.edu,adu.ac.ae,adu.edu.az,adu.edu.tr,adygnet.ru,adzu.edu.ph,ae.katowice.pl,ae.krakow.pl,ae.poznan.pl,ae.wroc.pl,aedu.com.br,aege.fr,aegean.gr,ael.ru,aeu.edu.kh,aeu.edu.my,afeka.ac.il,africau.edu,agh.edu.pl,agro-bordeaux.fr,agroparistech.fr,agsm.gr,agtu.ru,agu.ae,agu.edu.bh,ah.dk,ah.edu.cn,ahe.edu.pl,ahfad.edu.sd,ahgaff.edu,ahievran.edu.tr,ahlulbaitonline.com,ahmu.edu.cn,ahnu.edu.cn,aho.no,ahtcm.edu.cn,ahu.edu.cn,ahu.edu.jo,ahut.edu.cn,aic.edu,aicag.edu,aichi-edu.ac.jp,aichi-fam-u.ac.jp,aichi-gakuin.ac.jp,aichi-med-u.ac.jp,aichi-pu.ac.jp,aichi-u.ac.jp,aie.edu.au,aii.edu,aiimsraipur.edu.in,aikoku-u.ac.jp,aimst.edu.my,aiou.edu.pk,aistedaab.ro,ait.ac.th,ait.ie,aitech.ac.jp,aiu.edu,aiu.edu.my,aiub.edu,aiuniv.edu,ajku.edu.pk,ajman.ac.ae,ajou.ac.kr,aju.edu,ajums.ac.ir,akad.de,akademiaarhus.dk,akademiapz.sk,akbible.edu,akbild.ac.at,akdeniz.edu.tr,akeihou-u.ac.jp,akita-u.ac.jp,akprind.ac.id,aktsu.kz,aku.edu,aku.edu.tr,aku.sk,alacademia.edu.ly,alainuniversity.ac.ae,alaqsa.edu.ps,alaska.edu,alaskapacific.edu,alasu.edu,alazhar.edu.ps,alba.edu.gr,albaath-univ.edu.sy,albany.edu,albanylaw.edu,albertus.edu,albion.edu,albizu.edu,albright.edu,alc.edu,alc.edu.au,alcorn.edu,aldirasat.edu.pk,alex.edu.eg,alexmed.edu.eg,alfa.br,alfaisal.edu,alfred.edu,alfredadler.edu,algonquinlive.com,alhosnu.ae,aliabadiau.ac.ir,alkhair.edu.pk,alma.edu,almaarifah.com,almamonuc.org,almaty.kz,alquds.edu,alustudent.com,alvernia.edu,alverno.edu,alyamamah.edu.sa,am.katowice.pl,am.wroc.pl,amaiu.edu.bh,amb.bydgoszcz.pl,amb.edu.pl,ambassador.edu,ambou.edu.et,amc.edu,amc.edu.au,amc.uva.nl,ame.ru,amg.gda.pl,amgd.eu,amherst.edu,amikom.ac.id,aml.lv,amouduniversity.org,amsterdamumc.nl,amu.edu.az,amu.edu.et,amu.edu.pl,amursu.ru,amuz.bydgoszcz.pl,amuz.gda.pl,amuz.krakow.pl,amuz.poznan.pl,amuz.wroc.pl,amwaw.edu.pl,anadolu.edu.tr,anahuac.mx,anahuacmayab.mx,anderson.edu,andmii.uz,andong.ac.kr,andrassyuni.hu,andrews.edu,angelo.edu,angkor.edu.kh,anglia.ac.uk,ankara.edu.tr,anselm.edu,antioch.edu,antiochla.edu,antiochne.edu,antiochsb.edu,antiochsea.edu,anu.ac.ke,anu.edu.au,aomori-u.ac.jp,aomoricgu.ac.jp,aos.sk,aosp.bo.it,aou.edu.eg,aou.edu.jo,aou.edu.kw,aou.edu.om,aou.org.bh,aoyama.ac.jp,ap.be,ap.edu.pl,ap.siedlce.pl,aphp.fr,apiit.edu.my,apiit.lk,appstate.edu,apsu.edu,aptu.ru,apu.edu,apus.edu,aquinas.edu,ar.krakow.pl,ar.szczecin.pl,ar.wroc.pl,arabou-lb.edu.lb,arabou.org.sa,arakmu.ac.ir,araku.ac.ir,arbor.edu,arc.cheo.ca,arcada.fi,archi.ac.ma,archi.fr,arel.edu.tr,arellano.edu.ph,arentheemcollege.nl,argosy.edu,ariel.ac.il,arizona.edu,armmed.am,armstrong.edu,arquitecturaucv.cl,art.ac.ir,art.olsztyn.pl,artacademy.edu,artcenter.edu,arteiasi.ro,arteveldehs.be,artic.edu,artinstitutes.edu,arts7.hu,artun.ee,aru.ac.th,arums.ac.ir,aryacollege.in,asahi-u.ac.jp,asahikawa-med.ac.jp,asahikawa-u.ac.jp,asaub.edu.bd,asbury.edu,asdubai.org,ase.md,ase.ro,aseu.az,asfa.gr,asfh-berlin.de,ash-college.ac.il,ashesi.edu.gh,ashitech.ac.jp,ashiya-u.ac.jp,ashland.edu,ashtoncollege.com,asia-u.ac.jp,asia.edu.tw,asm.md,asmarya.edu.ly,asmu.ru,asp.gda.pl,asp.krakow.pl,asp.poznan.pl,asp.waw.pl,asp.wroc.pl,aspkat.edu.pl,aspp.edu,aspu.ru,assumption.edu,assumptionu.ca,astate.edu,aston.ac.uk,astranet.ru,astu.org,asu.ac.jp,asu.edu,asu.edu.bh,asu.edu.jo,asu.ru,asub.edu,asumh.edu,asun.edu,asurams.edu,at.edu.pl,atauni.edu.tr,atc2u.com,athabascau.ca,athens.edu,atilim.edu.tr,atishdipankaruniversity.edu.bd,atlanticuniv.edu,atlantida.edu.ar,atmajaya.ac.id,atomi.ac.jp,ats.dk,atsu.edu.ge,atu.ac.ir,atu.edu,au-plovdiv.bg,au.dk,au.edu,au.edu.az,au.edu.pk,au.edu.tw,au.poznan.pl,aua.am,aua.gr,auaf.edu.af,auamed.org,aub.edu.lb,aubg.bg,auburn.edu,auc.dk,auc.nl,auca.kg,aucegypt.edu,auckland.ac.nz,aucmed.edu,aucu.ru,aud.edu,aue.ae,aueb.gr,auf.edu.ph,aug.edu,augie.edu,augsburg.edu,augustana.ab.ca,augustana.de,augustana.edu,auhw.ac.jp,aui.ma,auis.edu.iq,auk.edu.kw,aul.edu,aul.edu.lb,aum.edu,aun.edu.eg,aun.edu.ng,aup.edu.ph,aup.edu.pk,aup.fr,aurora.edu,aus.edu,aust.edu,aust.edu.lb,austral.edu.ar,aut.ac.ir,aut.ac.nz,aut.edu,auth.gr,autonoma.edu.co,avans.nl,aventis.edu.sg,averett.edu,avicenna.hu,avila.edu,avondale.edu.au,avtlg.ru,avu.org,awf.edu.pl,awf.gda.pl,awf.katowice.pl,awf.krakow.pl,awf.poznan.pl,awf.wroc.pl,az-npu.org,azabu-u.ac.jp,azad.ac.ir,azhar.edu.eg,aztu.az,aztu.edu.az,b-sc.edu,b-tu.de,ba-glauchau.de,ba-leipzig.de,ba-rm.de,baa.by,babraham.ac.uk,babson.edu,bac.edu,bac.edu.cn,bac.edu.my,bahcesehir.edu.tr,bahria.edu.pk,baika.ac.jp,baiko.ac.jp,baker.edu,baker.edu.au,bakeru.edu,bakhtalruda.edu.sd,bakhtar.edu.af,bakrie.ac.id,balamand.edu.lb,balikesir.edu.tr,ballarat.edu.au,bandtec.com.br,bangor.ac.uk,baraodemaua.br,barcelonagse.eu,barclaycollege.edu,bard.edu,barry.edu,barton.edu,bashedu.ru,baskent.edu.tr,bastyr.edu,basu.ac.ir,bates.edu,bath.ac.uk,bau.edu.jo,bau.edu.lb,bauder.edu,bayar.edu.tr,baylor.edu,bbbaden.ch,bbc.edu,bbk.ac.uk,bbu.edu.az,bbu.edu.kh,bbw-hochschule.de,bbzsogr.ch,bc.edu,bca.bw,bcit.ca,bcm.edu,bcom.ac.uk,bcou.ca,bcu.ac.uk,bdtf.hu,bdu.edu.et,bdu.edu.vn,beaver.edu,becs.ac.in,beds.ac.uk,belfastmet.ac.uk,belhaven.edu,bellarmine.edu,bellasartes.edu.co,bellevue.edu,belmont.edu,beloit.edu,belstu.by,ben.edu,benedict.edu,benedictine.edu,bennett.edu,bennington.edu,bentley.edu,beppu-u.ac.jp,bercol.bm,berea.edu,berean.edu,berkeley.edu,berklee.edu,berlin.de,berry.edu,berufsakademie-sh.de,bethany.edu,bethanylb.edu,bethel.de,bethel.edu,bethelks.edu,bethlehem.edu,beuth-hochschule.de,beykent.edu.tr,bezalel.ac.il,bfh.ch,bfm.hr,bfsu.edu.cn,bfu.bg,bg.ac.rs,bgsu.edu,bgu.ac.il,bham.ac.uk,bhc.edu,bhms.ch,bhsu.edu,bhu.edu,bhu.edu.cn,bi.no,bib.de,bible.edu,bicol-u.edu.ph,bidmc.harvard.edu,bifrost.is,bigc.edu.cn,bigelow.org,bihe.org,bilecik.edu.tr,bilgiedu.net,bilkent.edu.tr,binary.edu.my,binghamton.edu,binus.ac.id,biof.ufrj.br,biola.edu,biomed.au.dk,bircham.edu,birjand.ac.ir,birzeit.edu,bisla.sk,bit.edu.cn,bitmesra.ac.in,bits-iserlohn.de,bits-pilani.ac.in,biu.ac.il,biu.edu.ng,biysk.ru,biztek.edu.pk,bj.edu.cn,bjfu.edu.cn,bjmu.edu.cn,bju.edu,bke.hu,blackburn.edu,blcu.edu.cn,bloomfield.edu,bloomu.edu,bluefield.edu,bluffton.edu,bmc.edu,bmc.edu.sa,bmcmedcollege.com,bme.hu,bmstu.ru,bmsu.ac.ir,bnkst.edu,bnu.edu.cn,boisebible.edu,bojnourdiau.ac.ir,boku.ac.at,bond.edu.au,boothcollege.ca,borealc.on.ca,boricuacollege.edu,boun.edu.tr,bournemouth.ac.uk,bowdoin.edu,bowiestate.edu,bowvalleycollege.ca,bpc.edu,bpkihs.edu,bpums.ac.ir,bracuniversity.net,brad.ac.uk,bradley.edu,brandeis.edu,brandonu.ca,brazcubas.br,brcn.edu,brenau.edu,brescia.edu,brest.by,brevard.edu,brexgata.eu,breyerstate.com,bridgeport.edu,bridgew.edu,bridgewater.edu,bris.ac.uk,bristol.ac.uk,brockport.edu,brocku.ca,brookes.ac.uk,brooklands.ac.uk,brooklaw.edu,brooks.edu,brown.edu,brstu.ru,brunel.ac.uk,brunswickcc.edu,brur.ac.bd,bryan.edu,bryant.edu,bryantstratton.edu,brynmawr.edu,bs-memmingen.de,bsa.edu.lv,bsaa.ru,bsc.edu,bseu.by,bsl-lausanne.ch,bsmu.by,bstu.by,bstu.ru,bsu-edu.org,bsu.az,bsu.by,bsu.edu,bsu.edu.eg,bsu.edu.ph,bsu.edu.ru,bsuir.by,bth.se,bton.ac.uk,btsau.kiev.ua,btu.bg,bu.ac.th,bu.edu,bu.edu.eg,bu.edu.sa,buaa.edu.cn,buap.mx,bubt.edu.bd,buc.edu.om,buck.ac.uk,bucknell.edu,bucks.ac.uk,buct.edu.cn,budo-u.ac.jp,buet.ac.bd,buetk.edu.pk,buffalo.edu,bugemauniv.ac.ug,buid.ac.ae,buitms.edu.pk,buk.by,bukkyo-u.ac.jp,bulsu.edu.ph,bums.ac.ir,bunghatta.ac.id,bunka-wu.ac.jp,bunkyo.ac.jp,bup.edu.bd,bupt.edu.cn,buraouniversity.com,burnet.ru,businesscollege.fi,busitema.ac.ug,busogauniversity.ac.ug,butler.edu,buu.ac.th,bvu.edu,bwdbern.ch,byu.edu,byuh.edu,byui.edu,bzu.edu.pk,cabrini.edu,caece.edu.ar,cafa.edu.cn,cag.edu.tr,cahsu.edu,calarts.edu,calbaptist.edu,calcoast.edu,caldwell.edu,californiacolleges.edu,callutheran.edu,calpoly.edu,calstatela.edu,caltech.edu,calvary.edu,calvin.edu,cam.ac.uk,cambridge.edu,cameron.edu,camosun.bc.ca,campbell.edu,campus.technion.ac.il,canberra.edu.au,candea.nl,candidomendes.br,canisius.edu,cankaya.edu.tr,canterbury.ac.nz,canterbury.ac.uk,capcollege.bc.ca,capella.edu,capilanou.ca,capital.edu,capitol-college.edu,cardiff.ac.uk,caribbean.edu,carleton.ca,carleton.edu,carlow.edu,carolus-magnus-university.eu,carroll.edu,carthage.edu,casagrande.edu.ec,case.edu,castelobranco.br,cataegu.ac.kr,catawba.edu,catolicasc.org.br,cau.ac.kr,cau.edu,cau.edu.cn,cavendishza.org,cba.edu.sa,cbc.edu,cbcag.edu,cbs-edu.de,cbs.dk,cbu.ca,cbu.edu,cbu.edu.zm,cc-sd.edu,cc.edu,cc.il.us,cc.tx.us,ccad.edu,ccbc.ca,ccc.edu,cccb.edu,ccis.edu,ccnu.edu.cn,ccpm.edu,ccs.edu.sd,ccsj.edu,ccsu.edu,ccu.edu,ccu.edu.tw,ccut.edu.cn,cdb.edu.sv,cdrewu.edu,cdtm.de,cdu.edu.au,cdut.edu.cn,cdutcm.edu.cn,ceaprc.org,cecos.edu.pk,cedarcrest.edu,cedarville.edu,ceff.ch,cegep-heritage.qc.ca,cegepdrummond.ca,cegepmontpetit.ca,cegeptr.qc.ca,cema.edu.ar,cenpat-conicet.gob.ar,centenary.edu,centenarycollege.edu,centennialcollege.ca,central.edu,centrale-marseille.fr,centraliens-lille.org,centralstate.edu,centraluniversity.org,centre.edu,centro.ru,ces.edu.co,cesa.edu.co,cesi.fr,cesumar.br,ceti.mx,cetys.mx,ceu.edu.mx,ceu.edu.ph,ceu.es,ceu.hu,ceunix.com.mx,cfpj.com,cg.ac.yu,cga.edu,cgu.ac.jp,cgu.edu,cgu.edu.tw,chalmers.se,chaminade.edu,champagnat.edu.mx,champagnat.edu.pe,champlain.edu,changwon.ac.kr,chapingo.mx,chapman.edu,chat.ru,chatham.edu,chc.edu,cheju.ac.kr,chester.ac.uk,cheyney.edu,chiangmai.ac.th,chiba-u.ac.jp,chibakoudai.jp,chikushi.ac.jp,chiropractic.edu,chnu.cv.ua,chodang.ac.kr,chonbuk.ac.kr,chongju-e.ac.kr,chongju.ac.kr,chonnam.ac.kr,chopin.edu.pl,chosun.ac.kr,chosun.kr,chowan.edu,christendom.edu,chu.edu.tw,chubu-gu.ac.jp,chubu.ac.jp,chuhai.edu.hk,chukyo-u.ac.jp,chukyogakuin-u.ac.jp,chula.ac.th,chungbuk.ac.kr,chungju.ac.kr,chungnam.ac.kr,chuo-u.ac.jp,chuvsu.ru,cia.edu,cibap.nl,cihanuniversity.org,ciim.ac.cy,ciis.edu,ciit-atd.edu.pk,ciit-attock.edu.pk,ciit.edu.pk,ciitlahore.edu.pk,cim.edu,cimat.mx,cing.ac.cy,cinvestav.mx,cit.ie,citecollegiale.ca,city.ac.uk,city.edu.my,cityu.edu,cityu.edu.hk,cityu.gr,cityuniversity.edu.bd,ciu.edu,ciu.edu.tr,ciusa.it,cku.ac.jp,cku.edu.tw,claeh.edu.uy,claretiano.edu.br,clarion.edu,clarke.edu,clarkson.edu,clarksoncollege.edu,clarku.edu,clayton.edu,clearwater.edu,cleary.edu,clemson.edu,cm.umk.pl,cmaisonneuve.qc.ca,cmc.edu,cmich.edu,cmontmorency.qc.ca,cmru.ac.th,cmsv.edu,cmu.edu,cmu.edu.cn,cmu.edu.ph,cmu.edu.tw,cmvc.ac.th,cn.edu,cnam-picardie.fr,cnam.fr,cnc.bc.ca,cncnc.edu.cn,cnearc.fr,cnr.edu,cnu.edu,cnu.edu.cn,co.cu,coa.edu,coastal.edu,cob.edu.bs,cobleskill.edu,cocite.pt,cod.edu,coe.edu,cofc.edu,cofo.edu,cogswell.edu,cohl.fr,coker.edu,colby-sawyer.edu,colby.edu,coleman.edu,coleurope.eu,colgate.edu,collegeamerica.edu,collegecanada.com,collegeofidaho.edu,collegium.edu.pl,colman.ac.il,colmex.mx,colorado.edu,colostate.edu,colum.edu,columbia.edu,columbia.edu.py,columbiacollege.ca,columbiacollege.edu,columbiasouthern.edu,columbus.edu,columbusu.com,comu.edu.tr,concord.edu,concordia-ny.edu,concordia.ab.ca,concordia.ca,concordia.edu,conestogac.on.ca,confederationc.on.ca,conncoll.edu,conservatoire.ru,conservatory.az,conservatory.ru,converse.edu,cookman.edu,cooper.edu,coppin.edu,cord.edu,cores.utah.edu,cornell.edu,cornish.edu,cortland.edu,cos.edu,cosc.edu,cotr.bc.ca,cou.ac.bd,cou.fi,courtauld.ac.uk,covenant.edu,coventry.ac.uk,cpe.fr,cphbusiness.dk,cpoly.edu.gh,cppsu.edu.cn,cpu.ac.th,cpu.edu.cn,cpu.edu.tw,cput.ac.za,cqnu.edu.cn,cqu.edu.au,cqu.edu.cn,cqumail.com,cqupt.edu.cn,cranbrookart.edu,cranfield.ac.uk,crchudequebec.ulaval.ca,creighton.edu,crown.edu,crsmu.com,crtvu.edu.cn,csbsju.edu,csc.edu,cshs.org,csj.edu,csld.edu,csm.edu,csmu.edu.tw,csp.edu,cspp.edu,css.edu,cstj.qc.ca,csu.edu,csu.edu.au,csu.edu.cn,csu.ph,csubak.edu,csuchico.edu,csuci.edu,csudh.edu,csufresno.edu,csuhayward.edu,csulb.edu,csum.edu,csun.edu,csuniv.edu,csuohio.edu,csupomona.edu,csus.edu,csusb.edu,csusm.edu,csustan.edu,ctgu.edu.cn,cti.edu.sa,ctleuro.ac.cy,ctsem.edu,ctu.edu,ctu.edu.vn,cu-portland.edu,cu.ac.bd,cu.edu.eg,cu.edu.ge,cu.edu.ng,cu.edu.tr,cuauhtemoc.edu.mx,cuc.ac.jp,cuc.edu.cn,cuc.edu.co,cucv.edu.gt,cuea.edu,cueb.edu.cn,cuet.ac.bd,cufe.edu.cn,cug.edu.cn,cugb.edu.cn,cuhk.hk,cui.edu,cujae.edu.cu,cuk.ac.kr,culver.edu,cumberland.edu,cumhuriyet.edu.tr,cumt.edu.cn,cumtb.edu.cn,cune.edu,cuni.cz,cunoc.edu.gt,cuny.edu,cup.edu.kh,cupl.edu.cn,curtin.edu.au,curtin.edu.my,curtis.edu,cus.ca,cus.edu.kh,cuslm.ca,cut.ac.cy,cut.ac.za,cut.ac.zw,cut.edu.lb,cuw.edu,cvoantwerpen.be,cvut.cz,cw.edu,cwru.edu,cwsl.edu,cwu.edu,cybermed.edu.my,cycollege.ac.cy,cycu.edu.tw,cycu.org.tw,cytometry.uzh.ch,cyut.edu.tw,czu.cz,da.ru,dadabhoy.edu.pk,daemen.edu,daffodilvarsity.edu.bd,dagy.danderyd.se,daido-it.ac.jp,daiichi-cps.ac.jp,daiichi-koudai.ac.jp,daiict.ac.in,daito.ac.jp,dal.ca,dalanjuniversity.edu.sd,dallas.edu,damascusuniversity.edu.sy,dankook.ac.kr,daralhekma.edu.sa,dartmouth.edu,darton.edu,dau.edu.sa,dau.lv,dauphine.fr,davaodoctors.edu.ph,davenport.edu,davidson.edu,davinci.nl,dawsoncollege.qc.ca,daystarus.org,db.dk,dbq.edu,dbu.edu,dbumn.edu,dc.edu,dcb.edu,dcc.edu.sa,dct.ch,dcu.ie,ddea.dk,ddu.nl,deakin.edu.au,defiance.edu,dei.edu.gr,denison.edu,depaul.edu,depauw.edu,derby.ac.uk,desales.edu,deu.edu.tr,deusto.es,devinci.fr,devry.ca,devry.edu,dewijnpers.be,dfh.dk,dgu.ru,dh-karlsruhe.de,dhbw-karlsruhe.de,dhbw-mannheim.de,dhbw-mosbach.de,dhbw-stuttgart.de,dhbw-vs.de,dho.edu.tr,dhu.edu.cn,dhv-speyer.de,dhxd.edu.vn,dia.edu.az,diak.fi,dias.ie,dickinson.edu,dicle.edu.tr,diekgalatsiou.gr,diit.edu.ua,diit.info,diku.dk,dillard.edu,dillauniversity.edu.et,dinus.ac.id,diploma.de,disd.edu,disfm.rnu.tn,dit.ac.tz,dit.ie,divtec.ch,dixie.edu,dkdm.dk,dkit.ie,dlh.dk,dlit.dp.ua,dlmedu.edu.cn,dlmu.edu.cn,dlsu.edu.ph,dlsu.ph,dlu.edu.cn,dlu.edu.vn,dlut.edu.cn,dmcg.edu,dmmmsu.edu.ph,dmu.ac.uk,dnu.dp.ua,do-johodai.ac.jp,doane.edu,doctorant.uca.fr,dogus.edu.tr,doho.ac.jp,dohto.ac.jp,dokkyo.ac.jp,dokkyomed.ac.jp,dom.edu,dominican.edu,donau-uni.ac.at,donga.ac.kr,dongduk.ac.kr,dongeui.ac.kr,dongguk.ac.kr,dongseo.ac.kr,dongshinu.ac.kr,donntu.edu.ua,donnu.edu.ua,dordt.edu,doshisha.ac.jp,dote.hu,douglas.bc.ca,dowling.edu,dpc.edu,dpu.ac.th,dpu.dk,drake.edu,drbit.com.ru,drew.edu,drexel.edu,drk.hu,drury.edu,dsc.edu,dshs-koeln.de,dspt.edu,dstu.dp.ua,dstu.edu.ru,dsu.edu,dti.sk,dtu.dk,du.edu,du.edu.om,du.se,dubaicollege.org,duep.edu,duet.ac.bd,duf.hu,dufe.edu.cn,duhs.edu.pk,duke.edu,duksung.ac.kr,dumlupinar.edu.tr,dundee.ac.uk,duoc.cl,duq.edu,dur.ac.uk,durhamc.on.ca,dusit.ac.th,duth.gr,dvfu.ru,dvgu.ru,dwc.edu,dwu.ac.pg,dwu.edu,dyc.edu,dytc.ac.kr,dyu.edu.tw,e-artsup.net,e-uvt.ro,eafit.edu.co,eamv.dk,ean.edu.co,eap.fr,eap.gr,earlham.edu,eas.edu.pl,eastafricauniversity.net,eastern.edu,easternuni.edu.bd,eastsib.ru,eastwest.edu,easv365.dk,easv.dk,eau.ac.th,eba-muenchen.de,ebc.mx,ebs.de,ebs.ee,ec-lille.fr,ec-lyon.fr,ec-nantes.fr,ecam.be,ecam.fr,ecci.edu.co,ece.fr,eciad.bc.ca,ecjtu.jx.cn,eckerd.edu,ecla.de,ecnu.edu.cn,ecok.edu,economie.fgov.be,ecp.fr,ecr.edu.co,ecsu.edu,ecu.edu,ecu.edu.au,ecuad.ca,ecust.edu.cn,ed.ac.uk,edgewood.edu,edhec.ac.ma,edhec.com,edinboro.edu,edmonds.edu,ednet.ns.ca,edogawa-u.ac.jp,edu.eptsion.ch,edu.fit.ba,edu.miet.ru,edu.nu,edu.rocfriesepoort.nl,edu.tf,edu.tm,edu.uah.es,edu.ufes.br,edu.vlerick.com,educ.ph,edvschule-plattling.de,eemi.com,eerie.fr,efe.hu,effatcollege.edu.sa,efh-bochum.de,efh-darmstadt.de,efh-freiburg.de,efh-hannover.de,efh-reutlingen-ludwigsburg.de,efhlu.de,efrei.fr,efrei.net,ege.edu.tr,egerton.ac.ke,egs.edu,ehb.be,ehc.edu,ehess.fr,ehime-u.ac.jp,ehl.ch,ehs-dresden.de,ehsal.be,ehu.es,eia.edu.co,eieonline.com,eiu.am,eiu.edu,eivp-paris.fr,eiyo.ac.jp,ektf.hu,ektu.kz,eku.edu,elearn.sde.ru,elevcampus.dk,elmergib.edu.ly,elmhurst.edu,elmira.edu,elon.edu,elshoroukacademy.edu.eg,elte.hu,eltech.ru,em-lyon.com,ema.edu.ee,eman-univ.edu.ye,emanuel.ro,embryriddle.edu,emc-campus.com,emescam.br,emi.ac.ma,emi.edu.bo,emich.edu,emiratesacademy.edu,emmaus.edu,emory.edu,emporia.edu,ems-mainz.de,emse.fr,emu.edu,emu.edu.tr,emu.ee,emu.kz,ena.fr,enac.fr,enameknes.ac.ma,enautica.pt,eng.ox.ac.uk,engec.ru,enim.fr,enis.rnu.tn,enis.tn,enise.fr,enit.fr,enitab.fr,enmu.edu,enpc.fr,ens2m.fr,ens-cachan.fr,ens-fcl.fr,ens-lyon.fr,ens.fr,ensae-paristech.fr,ensae.fr,ensai.fr,ensait.fr,ensam.eu,ensam.fr,ensat.fr,ensc-lille.fr,ensc-rennes.fr,enscm.fr,ensea.fr,enseeiht.fr,enseirb-matmeca.fr,enserg.fr,ensi.uma.tn,ensica.fr,ensieta.fr,ensiie.fr,ensimag.fr,ensm-ales.fr,ensm-douai.fr,ensma.fr,ensmp.fr,enst-bretagne.fr,enst.fr,ensta-bretagne.fr,ensta-bretagne.org,ensta.fr,enta.pt,entpe.fr,envt.fr,eou.edu,epf.fr,epfl.ch,ephec.be,epita.fr,epitech.eu,epm.br,epn.edu.ec,epoka.edu.al,epsi.fr,erasmusmc.nl,erau.edu,erciyes.edu.tr,erskine.edu,esa-purpan.fr,esad.pt,esap.edu.co,esc-bordeaux.fr,esc-brest.fr,esc-clermont.fr,esc-grenoble.fr,esc-lille.fr,esc-marseille.fr,esc-pau.fr,esc-rouen.fr,esc-toulouse.fr,esc.edu,esca.ac.ma,escdijon.com,escem.fr,escna.fr,escom.fr,escp.fr,escpeurope.eu,escuelaing.edu.co,eselondon.ac.uk,eseo.fr,esf.edu,eshte.pt,esi.dz,esiae.fr,esic.es,esiea.fr,esiee.fr,esigelec.fr,esigetel.fr,esme.fr,espci.fr,espe.edu.ec,espol.edu.ec,essca.eu,essec.fr,essex.ac.uk,esstu.ru,esta.ac.ma,estacio.br,estp.fr,estudante.uab.pt,estudante.ufjf.br,estudiantec.cr,esu.edu,etbu.edu,etf.edu,ethz.ch,etna-alternance.net,etown.edu,etsmtl.ca,etsmtl.net,etsu.edu,etu-webschoolfactory.fr,etu.edu.tr,etu.parisdescartes.fr,etud.u-pem.fr,eu.ac.rs,eu.spb.ru,euba.sk,eudil.fr,eufh-mail.de,eum.ac.jp,euncet.es,eur.nl,eurazir.kz,eurecom.fr,eureka.edu,euruni.edu,euv-frankfurt-o.de,evangel.edu,evansville.edu,evergreen.edu,evfh-berlin.de,evfh-nuernberg.de,evhn.de,evis.net.ph,evms.edu,evtek.fi,ewc.edu,ewha.ac.kr,ewu.edu,ewubd.edu,ex.ac.uk,exeter.ac.uk,fa.ru,faap.br,faciplac.edu.br,faculdadescuritiba.br,fadi.at,fae.edu,fafiman.br,fairfield.edu,famu.cz,famu.edu,fandm.edu,fanshaweonline.ca,farmingdale.edu,farpi.uz,fashir.edu.sd,fatec-ro.br,fatih.edu.tr,fau.de,fau.edu,faulkner.edu,fayoum.edu.eg,fbsc.edu.sa,fc.edu,fcahptib.edu.ng,fcc.edu,fclive.nl,fcmpass.com,fcroc.nl,fcu.edu.tw,fda.hhs.gov,fdcnet.ac.jp,fdu.edu,featiu.edu.ph,federation.edu.au,feevale.br,feituverava.com.br,felician.edu,fer.hr,fern-fh.de,fernuni-hagen.de,fernuni.ch,ferris.ac.jp,ferris.edu,ferrum.edu,fesppr.br,festu.ru,feu.edu.ph,ffhs.ch,fgcu.edu,fh-Kempten.de,fh-aachen.de,fh-aalen.de,fh-aargau.ch,fh-aschaffenburg.de,fh-augsburg.de,fh-bad-honnef.de,fh-biberach.de,fh-bielefeld.de,fh-bingen.de,fh-bochum.de,fh-bonn-rhein-sieg.de,fh-brandenburg.de,fh-burgenland.at,fh-deggendorf.de,fh-dortmund.de,fh-eberswalde.de,fh-erfurt.de,fh-flensburg.de,fh-frankfurt.de,fh-furtwangen.de,fh-gelsenkirchen.de,fh-giessen.de,fh-hagenberg.at,fh-hamburg.de,fh-hannover.de,fh-heidelberg.de,fh-heilbronn.de,fh-hildesheim.de,fh-hof.de,fh-htachur.ch,fh-ingolstadt.de,fh-isny.de,fh-jena.de,fh-joanneum.at,fh-kaernten.ac.at,fh-kiel.de,fh-kl.de,fh-koblenz.de,fh-koeln.de,fh-konstanz.de,fh-krems.ac.at,fh-kufstein.ac.at,fh-landshut.de,fh-lausitz.de,fh-lippe.de,fh-ludwigshafen.de,fh-luebeck.de,fh-mainz.de,fh-mannheim.de,fh-merseburg.de,fh-muenchen.de,fh-muenster.de,fh-nb.de,fh-neu-ulm.de,fh-niederrhein.de,fh-nordhausen.de,fh-nuernberg.de,fh-nuertingen.de,fh-offenburg.de,fh-oow.de,fh-osnabrueck.de,fh-ottersberg.de,fh-pforzheim.de,fh-potsdam.de,fh-regensburg.de,fh-reutlingen.de,fh-riedlingen.de,fh-rosenheim.de,fh-rottenburg.de,fh-sbg.ac.at,fh-schwaebischhall.de,fh-sm.de,fh-steyr.at,fh-stpoelten.ac.at,fh-stralsund.de,fh-swf.de,fh-telekom-leipzig.de,fh-trier.de,fh-ulm.de,fh-vie.ac.at,fh-wedel.de,fh-weihenstephan.de,fh-weingarten.de,fh-wels.at,fh-westkueste.de,fh-wiesbaden.de,fh-wolfenbuettel.de,fh-worms.de,fh-wuerzburg.de,fh-zwickau.de,fhbb.ch,fhda.edu,fhdw.de,fhkt.de,fhm-mittelstand.de,fhnon.de,fhnw.ch,fhoebb.de,fhs-mannheim.de,fhs-moritzburg.de,fhso.ch,fhsu.edu,fht-stuttgart.de,fhtw-berlin.de,fhu.edu,fhv.at,fhw-berlin.de,fhw.at,fhwn.ac.at,fhwt.de,fiap.com.br,fic.br,fielding.edu,filmacademy.hu,fimmu.edu.cn,findlay.edu,finlandia.edu,fiocruz.br,firat.edu.tr,firstnationsuniversity.ca,fisk.edu,fit.ac.jp,fit.edu,fiu.edu,fjau.edu.cn,fjmu.edu.cn,fjnu.edu.cn,fjtcm.edu.cn,fju.edu.tw,flagler.edu,flinders.edu.au,flsouthern.edu,fmarion.edu,fmc.edu,fmi.ch,fmmu.edu.cn,fmsg-speyer.de,fmu.ac.jp,fmu.edu,fnu.ac.fj,foi.hr,fom.de,fon.edu.mk,fontbonne.edu,fontys.edu,fontys.nl,fordham.edu,forest.lviv.ua,forestinstitute.org,fortlewis.edu,fosu.edu.cn,foundationu.com,foundationuniversity.com,fpms.ac.be,fpt.edu.vn,fpu.ac.jp,franklin.edu,franko.lviv.ua,frayluca.edu.mx,frederick.ac.cy,fredonia.edu,fresno.edu,fresnocitycollege.edu,friends.edu,fs-students.de,fsagx.ac.be,fscj.edu,fshn.edu.al,fshnstudent.info,fsm.ac.fj,fsriau.ac.ir,fst.edu,fsu.edu,ftacademy.ru,ftmsglobal.com,fu-berlin.de,fuac.edu.co,fucam.ac.be,fudan.edu.cn,fujijoshi.ac.jp,fujita-hu.ac.jp,fukui-ut.ac.jp,fukuoka-edu.ac.jp,fukuoka-int-u.ac.jp,fukuoka-pu.ac.jp,fukuoka-u.ac.jp,fukushima-u.ac.jp,fukuyama-u.ac.jp,fullerton.edu,fullsail.com,fullsail.edu,fums.ac.ir,funaab.edu.ng,funandi.edu.co,fundepos.ac.cr,fundp.ac.be,funlam.edu.co,fuom.us,furg.br,furman.edu,fusl.ac.be,futureuniversity.edu.eg,fuuast.edu.pk,fwu.ac.jp,fzu.edu.cn,g18.de,gac.edu,gaduniv.edu.sd,gakusen.ac.jp,gakushuin.ac.jp,galilcol.ac.il,galileo.edu,gallus.pl,games-academy.de,gandhara.edu.pk,gannon.edu,gantep.edu.tr,gardner-webb.edu,gasu.ru,gate.sinica.edu.tw,gatech.edu,gau.ac.ir,gau.edu.tr,gazi.edu.tr,gbc.edu,gbcol.edu,gbrownc.on.ca,gbs-ge.ch,gbs.edu,gcal.ac.uk,gcc.edu,gcd.ie,gcsu.edu,gcu.edu.pk,gcuf.edu.pk,gdin.edu.cn,gdrtvu.edu.cn,gdufs.edu.cn,gdut.edu.cn,gecg28.ac.in,geneseo.edu,geneva.edu,gent.be,georg-speyer-haus.de,georgefox.edu,georgetowncollege.edu,georgian.edu,georgianc.on.ca,georgiasouthern.edu,gettysburg.edu,ggc.edu,ggu.edu,ghanacu.org,gia.edu,gift.edu.pk,gifu-keizai.ac.jp,gifu-kyoiku.ac.jp,gifu-pu.ac.jp,gifu-u.ac.jp,gijodai.ac.jp,giki.edu.pk,gildeopleidingen.nl,gimakad.torun.pl,gimpa.edu.gh,gist.edu.pk,gitis.net,giuedu.bz,gju.edu.jo,gla.ac.uk,glam.ac.uk,glcc.edu,glendalelaw.edu,glion.edu,global.edu.pk,globe.com.ph,glos.ac.uk,gma.ru,gmc.edu,gmit.ie,gmu.ac.ae,gmu.ac.ir,gmu.edu,gnesin-academy.ru,gniindia.org,goddard.edu,gold.ac.uk,gollisuniversity.com,gonzaga.edu,gop.edu.tr,gorny-ins.ru,goshen.edu,goucher.edu,goums.ac.ir,govst.edu,gpi.ru,gpma.ru,gpwu.ac.jp,graafschapcollege.nl,grace.edu,graceland.edu,graceu.edu,gradst.hr,gram.edu,grand-canyon.edu,grantham.edu,graphische.net,gratzcollege.edu,gre.ac.uk,greenmtn.edu,greenville.edu,greenwichutc.com,grenoble-em.com,grinnell.edu,grodno.by,groept.be,grsmu.by,grsu.by,gruni.edu.ge,grupointegrado.br,gs.ncku.edu.tw,gsa.ac.uk,gsau.edu.cn,gsba.ch,gsnu.ac.kr,gsu.az,gsu.edu,gsu.edu.tr,gsut.edu.cn,gsw.edu,gti.spb.ru,gtu.ac.in,gtu.edu,gtu.edu.ge,gtu.edu.in,gtuc.edu.gh,gturp.spb.ru,gu.ac.ug,gu.edu.au,gu.edu.lb,gu.edu.pk,gu.se,gubkin.ru,guc.edu.eg,guilan.ac.ir,guilford.edu,gukit.ru,gulfuniversity.net,gums.ac.ir,gunadarma.ac.id,gunma-u.ac.jp,gust.edu.kw,guu.ru,gvc.edu,gvsu.edu,gwmail.gwu.edu,gwsh.pl,gwu.edu,gxnu.edu.cn,gxtcmu.edu.cn,gxu.edu.cn,gxun.edu.cn,gymnasium-schmallenberg.de,gymzr.cz,gyte.edu.tr,gzhtcm.edu.cn,gzhu.edu.cn,gznu.edu.cn,gzsums.edu.cn,gzu.edu.cn,h-brs.de,h-bunkyo.ac.jp,h-da.de,ha.be,haaga-helia.fi,hachinohe-u.ac.jp,hageveld.nl,haifa.ac.il,haigazian.edu.lb,hainnu.edu.cn,hainu.edu.cn,hajvery.edu.pk,hak-althofen.at,hakodate-u.ac.jp,hakuoh.ac.jp,halic.edu.tr,hallym.ac.kr,hama-med.ac.jp,hamamatsu-u.ac.jp,hamdard.edu.pk,hamilton.edu,hamk.fi,hamline.edu,hamptonu.edu,han.nl,hanazono.ac.jp,hangkong.ac.kr,hannam.ac.kr,hannan-u.ac.jp,hanover.edu,hansei.ac.kr,hanseo.ac.kr,hanseuni.de,hanshin.ac.kr,hansung.ac.kr,hanyang.ac.kr,hanze.nl,haramaya.edu.et,harding.edu,hariricanadian.edu.lb,harran.edu.tr,hartford.edu,hartwick.edu,harvard.edu,hastings.edu,hau.edu.ph,hau.edu.vn,haverford.edu,haw-hamburg.de,haw-ingolstadt.de,hawaii.edu,hawk-hhg.de,hawlermu.org,hb.se,hbi.ir,hbu.edu,hbu.edu.cn,hcc-nd.edu,hcmuaf.edu.vn,hcmuarc.edu.vn,hcmulaw.edu.vn,hcmuns.edu.vn,hcmupeda.edu.vn,hcmussh.edu.vn,hcmut.edu.vn,hcmute.edu.vn,hcmutrans.edu.vn,hct.ac.ae,hcu-hamburg.de,hcu.ac.th,hcu.edu.tw,hdm-stuttgart.de,hdpu.edu.cn,he-arc.ch,health.qld.gov.au,health.southalabama.edu,hebau.edu.cn,hebmu.edu.cn,hebnu.edu.cn,hebron.edu,hebust.edu.cn,hebut.edu.cn,hec.ac.ma,hec.ca,hec.fr,heh.be,hei.fr,heidelberg.edu,heig-vd.ch,heisei-u.ac.jp,helmo.be,help.edu.my,helsinki.fi,helwan.edu.eg,hem.ac.ma,henallux.be,henannu.edu.cn,henau.edu.cn,hendrix.edu,henu.edu.cn,heritage.edu,hertie-school.org,herts.ac.uk,herzen.spb.ru,hesge.ch,hetbaarnschlyceum.nl,hetic.net,heuet.edu.cn,hevs.ch,heythrop.ac.uk,hf-ict.ch,hf-ict.info,hfb.de,hfc.edu,hfg-gmuend.de,hft-leipzig.de,hft-stuttgart.de,hftm.ch,hfu.edu.tw,hfut.edu.cn,hgb-leipzig.de,hgc.edu,hgkz.ch,hgo.se,hh.se,hha.dk,hhek.bonn.de,hhl.de,hhmi.org,hhs.dk,hhs.nl,hhs.se,hhstu.edu.cn,hhtc.edu.cn,hhu.de,hhu.edu.cn,hhuc.edu.cn,hi-tech.ac.jp,hi.is,hia.no,hib.no,hiba.edu.sy,hibo.no,hibu.no,hifm.no,hig.no,hig.se,highpoint.edu,hightech.edu,hiiraanuniversity.info,hijiyama-u.ac.jp,hik.se,hikmah.edu.my,hil.no,hilbert.edu,hillsdale.edu,himeji-du.ac.jp,himolde.no,hin.no,hioa.no,hiram.edu,hirogaku-u.ac.jp,hirokoku-u.ac.jp,hirosaki-u.ac.jp,hiroshima-cu.ac.jp,hiroshima-u.ac.jp,his.se,hisf.no,hist.no,hit-u.ac.jp,hit.ac.jp,hit.bg,hit.edu.cn,hitecuni.edu.pk,hiu.ac.jp,hiu.edu,hive.no,hj.se,hju.ac.jp,hkapa.edu,hkbu.edu.hk,hkg.ac.jp,hkkk.fi,hkmu.ac.tz,hkr.se,hku.hk,hku.nl,hlg.edu,hljcu.edu.cn,hlju.edu.cn,hmc.edu,hmu.edu.vn,hneu.edu.ua,hnulinton.org,hochschule-trier.de,hodges.edu,hoduniv.edu.ye,hofstra.edu,hogent.be,hokkai-s-u.ac.jp,hokkyodai.ac.jp,hoku-iryo-u.ac.jp,hokudai.ac.jp,hokuriku-u.ac.jp,hokusei.ac.jp,hokuyakudai.ac.jp,holar.is,hollandcollege.com,hollins.edu,holmes.edu.au,holycross.edu,holyspirit.edu.ph,honam.ac.kr,hongik.ac.kr,hood.edu,hope.ac.uk,hope.edu,hormozgan.ac.ir,hosei.ac.jp,hoseo.ac.kr,hoshi.ac.jp,hotelschool.com.au,hou.edu.vn,houghton.edu,howest.be,howon.ac.kr,hpu.edu,hputx.edu,hqu.edu.cn,hr.nl,hrbeu.edu.cn,hrbmu.edu.cn,hrbnu.edu.cn,hrbust.edu.cn,hro.nl,hs-albsig.de,hs-anhalt.de,hs-augsburg.de,hs-bremen.de,hs-bremerhaven.de,hs-coburg.de,hs-darmstadt.de,hs-duesseldorf.de,hs-esslingen.de,hs-fulda.de,hs-furtwangen.de,hs-harz.de,hs-karlsruhe.de,hs-kempten.de,hs-lausitz.de,hs-lu.de,hs-ludwigshafen.de,hs-magdeburg.de,hs-mannheim.de,hs-mittweida.de,hs-neu-ulm.de,hs-offenburg.de,hs-osnabrueck.de,hs-owl.de,hs-rm.de,hs-weingarten.de,hs-wismar.de,hs-worms.de,hs-zigr.de,hsanmartino.it,hsbc.edu,hsc.edu,hscbklyn.edu,hscsyr.edu,hse.ru,hshl.de,hsleiden.nl,hslu.ch,hsph.harvard.edu,hsr.ch,hsrw.org,hstu.info,hsu.edu,hsum-ac.mn,hsutx.edu,hsvest.is,htc.edu,hti.edu.eg,htl-braunau.at,htl-donaustadt.at,htl-hl.ac.at,htl-ottakring.at,htl.moedling.at,htl.rennweg.at,htldornbirn.at,htlkrems.at,htlpinkafeld.at,htlstp.at,htu.se,htw-berlin.de,htw-dresden.de,htw-saarland.de,htwg-konstanz.de,htwk-leipzig.de,htwm.de,hu-berlin.de,hu.ac.th,hu.edu.et,hu.edu.jo,hu.edu.pk,hu.nl,hua.edu.vn,hua.gr,huaf.edu.vn,hubu.edu.cn,hud.ac.uk,hue.ac.jp,hueuni.edu.vn,hufs.ac.kr,huji.ac.il,hull.ac.uk,humanities.mn,humbermail.ca,humboldt.edu,humg.edu.vn,humphreys.edu,hums.ac.ir,hun.edu.tr,hunnu.edu.cn,hupe.hu,huronuc.on.ca,hus.edu.vn,husson.edu,hust.edu.cn,hust.edu.ye,hut.edu.vn,hut.fi,hv.se,hva.nl,hvanneyri.is,hw.ac.uk,hwp-hamburg.de,hwru.edu.vn,hws.edu,hyo-med.ac.jp,hyogo-dai.ac.jp,hyogo-u.ac.jp,hyupsung.ac.kr,hz.nl,hzau.edu.cn,hzs.be,hzu.edu.cn,i4p.edu.my,i-med.ac.at,i-u.de,i.edu.mx,iaa.ac.tz,iaau.edu.kg,iacademy.ph,iact.edu.my,iade.pt,iadt.ie,iae-toulouse.fr,iaim.ro,iap.li,iasbs.ac.ir,iastate.edu,iau-ahar.ac.ir,iau-arak.ac.ir,iau-boukan.ac.ir,iau-garmsar.ac.ir,iau-saveh.ac.ir,iau-shahrood.ac.ir,iau-shirvan.ac.ir,iau-tnb.ac.ir,iauardabil.ac.ir,iauba.ac.ir,iaubos.ac.ir,iauctb.ac.ir,iauh.ac.ir,iauk.ac.ir,iaumajlesi.ac.ir,iaun.ac.ir,iauq.ac.ir,iausdj.ac.ir,iaushab.ac.ir,iaushiraz.ac.ir,iausr.ac.ir,iaut.ac.ir,iautb.ac.ir,iautmu.ac.ir,iauvaramin.ac.ir,iauyazd.ac.ir,iba-suk.edu.pk,iba.edu.pk,ibaraki.ac.jp,ibch.poznan.pl,iberoamericana.edu.co,ibi.spb.ru,ibnsina.edu.sa,ibp-moscow.ru,ibs.uz,ibsindia.org,ibss.eu,ibsu.edu.ge,ibta.edu.br,ibu.edu.ba,ibu.edu.tr,ibub.edu.cn,ibun.edu.tr,ic.ac.uk,ic.edu,icam.fr,icb.edu.mn,icc.ac.jp,icci.edu.ky,icda.edu.do,icesi.edu.co,icfo.es,ichec.be,ici-luzern.com,ici.edu,icn-nancy.com,ico.edu,icp.fr,icsw.com,ict-idcollege.nl,ict.edu.om,ictmbo.nl,ictp.trieste.it,icu-edu.org,icu.ac.jp,icu.ac.kr,id.uff.br,idc.ac.il,idcbis.org.co,idcbis.org.com,idcollege.nl,ie.edu,ied.edu.hk,ieeu.udm.ru,ieo.csic.es,iesanetwork.com,iesb.br,iesb.edu.br,iese.edu.ar,iesfranciscodelosrios.es,ieslosremedios.org,iesmontsia.org,iet.ru,ifdtung.if.ua,ifg.edu.br,ifm.ac.tz,ifmo.ru,ifp.fr,ig2i.fr,igbmc.fr,ign.fr,iha.dk,ihi-zittau.de,ihk-edu.dk,ihk.dk,ihu.edu.gr,iic.edu.my,iiee.edu.pk,iihem.ac.ma,iiita.ac.in,iiitd.ac.in,iiitdmj.ac.in,iisc.ernet.in,iit.com.na,iit.edu,iitb.ac.in,iitbhu.ac.in,iitd.ac.in,iitd.ernet.in,iitg.ernet.in,iith.ac.in,iitk.ac.in,iitkgp.ac.in,iitkgp.ernet.in,iitm.ac.in,iitmandi.ac.in,iitp.ru,iitr.ac.in,iitr.ernet.in,iitu.kz,iiu.edu.pk,iiuc.ac.bd,ijm.fr,ikiu.ac.ir,iku.edu.tr,ilam.ac.ir,iliauni.edu.ge,ilisimatusarfik.gl,ilstu.edu,imag.fr,imamreza.ac.ir,imamu.edu.sa,imau.edu.cn,imbt.ma,imc-krems.ac.at,imd.edu.gr,ime.eb.br,ime.ru,imese.gr,imi-luzern.com,immaculata.edu,immalle.be,imnu.edu.cn,impa.br,impacta.com.br,imperial.ac.uk,imt-mrs.fr,imtlucca.it,imtu.edu,imu.edu.cn,imu.edu.my,inacapmail.cl,inalco.fr,inchon.ac.kr,indi.ru,indiana.edu,indoamerica.edu.ec,indstate.edu,indus.edu.pk,indwes.edu,infosup.com,ingesup.com,inha.ac.kr,ini.ch,inje.ac.kr,innopolis.ru,inonu.edu.tr,inp-fc.fr,inp.pt,inpg.fr,inpl-nancy.fr,inpt.ac.ma,inria.fr,inrs.ca,insa-cvl.fr,insa-lyon.fr,insa-rennes.fr,insa-rouen.fr,insa-tlse.fr,inserm.fr,instedt.edu.my,institutoptique.fr,int-evry.fr,intec.edu.do,intechinfo.fr,intelliteccollege.edu,inter.edu,intercol.edu,internacional.edu.ec,internationaluniversity-schoolofmedicine.org,inu.edu.jo,inuaf-studia.pt,inun.edu.ar,ioe.ac.uk,iona.edu,ionis-stm.com,iota.edu.au,ipa.edu.sa,ipb.ac.id,ipb.edu.my,ipb.pt,ipbeja.pt,ipbl.edu.my,ipbmm.edu.my,ipc.dk,ipc.pt,ipca.pt,ipcb.pt,ipda.edu.my,ipeindia.org,ipfw.edu,ipg.pt,ipgkkb.edu.my,ipgkrajang.edu.my,ipgkti.edu.my,ipgmkdri.edu.my,ipgmksm.edu.my,ipgmtawau.edu.my,ipgperlis.edu.my,ipiaget.org,ipik.edu.my,ipip.edu.my,ipislam.edu.my,ipkent.edu.my,ipks.edu.my,ipl.pt,iplei.pt,ipleiria.pt,ipm.edu.mo,ipmc.cnrs.fr,ipn.edu.mx,ipn.mx,ipp.pt,ippm.edu.my,ipportalegre.pt,ips.pt,ipsa.fr,ipsah.edu.my,ipsantarem.pt,ipt.pt,iptaa.edu.my,ipteknik.edu.my,iptho.edu.my,iptips.edu.my,ipu.ac.jp,ipvc.pt,iq.usp.br,iraquniversity.net,irk.ru,isae.ac.rw,isai.pt,isara.fr,isbb.pt,isbm-school.com,iscac.pt,iscet.pt,iscte-iul.pt,iscte.pt,isea.ru,isec.pt,isel.pt,isen.fr,isenshu-u.ac.jp,isep.fr,iserv-trg-oha.de,isetr.rnu.tn,iseu.by,isfort.ac.ma,isfpnu.ac.ir,isg.pt,isg.rnu.tn,ishikuniversity.net,isi-mtl.com,isical.ac.in,isikun.edu.tr,isl.be,isla.pt,islahonline.org,islamicug.com,islamicuniversity.nl,ism-dortmund.de,ism.lt,ismcm-cesti.fr,ismm.edu.cu,ismpo.sk,ismra.fr,isnm.de,ispa.pt,ispab.pt,ispgaya.pt,ispu.ru,isra.edu.pk,iss.it,iss.nl,ist.ac.at,ista.ac.id,istanbul.edu.tr,istec.pt,istitutoacerbo.it,istitutotumori.mi.it,istp.pt,istu.ru,isu.ac.ir,isu.edu,isu.edu.ph,isu.edu.tw,isu.ru,isuct.ru,it-chiba.ac.jp,it-gymnasiet.se,it-hiroshima.ac.jp,it-sudparis.eu,ita.br,ita.mx,italo.br,itam.mx,itats.ac.id,itb.ac.id,itb.edu.bn,itb.ie,itba.edu.ar,itc-dortmund.de,itc.mx,itc.nl,itcarlow.ie,itcollege.ee,itcr.ac.cr,itdurango.edu.mx,itech.fr,itesm.mx,iteso.mx,ithaca.edu,iti.is,iticu.edu.tr,itiscastelli.it,itk.ppke.hu,itm.edu.co,itmina.edu.mx,itmorelia.edu.mx,itq.edu.mx,its.ac.id,itsligo.ie,itslp.edu.mx,itson.mx,itt.edu,ittdublin.ie,ittihad.ac.ae,ittralee.ie,itttech.edu,itu.dk,itu.edu.tr,iu-travnik.com,iu.ac.ke,iu.edu,iu.edu.kh,iu.edu.sa,iua.edu.ar,iua.edu.sd,iub.edu,iub.edu.bd,iub.edu.pk,iubat.edu,iubh-dualesstudium.de,iubs.co.uk,iuctt.edu.my,iue.edu.co,iue.it,iufs.edu,iugaza.edu.ps,iugrad.edu.kn,iuhw.ac.jp,iuil.lu,iuiu.ac.ug,iuj.ac.jp,iuk.ac.jp,iuk.edu,iuk.kg,iulm.it,iums.ac.ir,iun.ch,iuna.edu.ar,iuo.it,iup.edu,iupui.edu,ius.edu.ba,iusb.edu,iusspavia.it,iust.ac.ir,iust.edu.sy,iut-valence.fr,iut.ac.ir,iutoic-dhaka.edu,ivanovo.ac.ru,ivcc.edu,iwakimu.ac.jp,iwate-med.ac.jp,iwate-pu.ac.jp,iwate-u.ac.jp,iwc.edu,iwu.edu,iyte.edu.tr,izmirekonomi.edu.tr,jacobs-university.de,jadara.edu.jo,jaist.ac.jp,jam.edu.jo,jami.ac.ir,jamk.fi,janabadra.ac.id,jarvis.edu,javeriana.edu.co,jayabaya.ac.id,jazanu.edu.sa,jbu.edu,jc.edu,jccc.edu,jcsu.edu,jct.ac.il,jct.edu.sa,jcu.cz,jcu.edu,jcu.edu.au,jeonju.ac.kr,jewell.edu,jfku.edu,jgu.edu.ly,jhmi.edu,jhu.edu,jhubc.it,jic.edu.sa,jichi.ac.jp,jikei.ac.jp,jinan.edu.lb,jinnah.edu,jinnah.edu.pk,jis.az,jissen.ac.jp,jiu.ac.jp,jju.edu.et,jkkniu.edu.bd,jku.at,jkuat.ac.ke,jlau.edu.cn,jlu.edu.cn,jmi.ac.in,jmls.edu,jmu.edu,jmu.edu.cn,jnu.edu.cn,jobu.ac.jp,joensuu.fi,johncabot.edu,jones.edu,jonesinternational.edu,josai.ac.jp,jpcatholic.com,jpte.hu,jsu.edu,jsu.edu.cn,jsums.edu,jsust.edu.cn,ju.edu,ju.edu.et,ju.edu.jo,ju.edu.sa,juc.edu,judson.edu,juen.ac.jp,juilliard.edu,jum.ru,jums.ac.ir,juniata.edu,juniv.edu,juntendo.ac.jp,jussieu.fr,just.edu.jo,juw.edu.pk,jwu.ac.jp,jwu.edu,jxau.edu.cn,jxnu.edu.cn,jxufe.edu.cn,jyu.edu.cn,jyu.fi,k-junshin.ac.jp,kabarak.ac.ke,kafkas.edu.tr,kagawa-u.ac.jp,kagoshima-u.ac.jp,kai.ru,kaist.ac.kr,kalmsu.ru,kamakura-u.ac.jp,kamgu.ru,kanagawa-it.ac.jp,kanagawa-u.ac.jp,kanazawa-bidai.ac.jp,kanazawa-gu.ac.jp,kanazawa-it.ac.jp,kanazawa-med.ac.jp,kanazawa-u.ac.jp,kangnam.ac.kr,kangnung.ac.kr,kangwon.ac.kr,kansai-u.ac.jp,kansai.ac.jp,kantiana.ru,kanto-gakuen.ac.jp,kanto-gakuin.ac.jp,kaplan.edu,karaelmas.edu.tr,karch.dk,kardan.edu.af,karelia.fi,karlshochschule.de,karunya.edu.in,kasbit.edu.pk,kashanu.ac.ir,kassalauni.edu.sd,kath-fh-nord.de,katho.be,kau.ac.ir,kau.edu.sa,kau.kz,kau.se,kaums.ac.ir,kaust.edu.sa,kawasaki-m.ac.jp,kaya.ac.kr,kazanconservatory.ru,kaznu.kz,kbsu.ru,kbtu.kz,kbu.ac.jp,kbu.ac.th,kbu.edu.my,kcad.edu,kcai.edu,kcc.edu,kcl.ac.uk,kcmc.ac.tz,kcn.ru,kcua.ac.jp,kdg.be,kdischool.ac.kr,kdpu.edu.ua,kdu.edu.my,kdu.md,kean.edu,kee.hu,keele.ac.uk,keene.edu,keimyung.ac.kr,keio.ac.jp,keio.jp,keisen.ac.jp,keiwa-c.ac.jp,keller.edu,kemerovo.su,kemsu.ru,kemu.ac.ke,kendall.edu,kennedy.edu.ar,kennesaw.edu,kent.edu,kenyon.edu,kettering.edu,keuka.edu,kfb-berlin.de,kfh-Freiburg.de,kfh-mainz.de,kfhnw.de,kfs.edu.eg,kfsc.edu.sa,kfu.edu.sa,kfunigraz.ac.at,kfupm.edu.sa,kg.ac.rs,kgpu.ru,kgre.hu,kgut.ac.ir,kgwu.ac.jp,kh-berlin.de,khadi.kharkov.ua,khai.edu,khan-uul.mn,khas.edu.tr,khawarizmi.com,khazar.org,khbo.be,khi.ac.rw,khi.is,khio.no,khk.be,khleuven.be,khlim.be,khnu.km.ua,khsa.de,khstu.ru,khuisf.ac.ir,ki.se,ki.si,kias.edu.my,kiau.ac.ir,kie.ac.rw,kii.gov.by,kimep.kz,kindai.ac.jp,king.edu,kings.edu,kingston.ac.uk,kingston.edu,kinjo-u.ac.jp,kiperak.edu.my,kipsas.edu.my,kirkwood.edu,kish.ac.ir,kist.ac.rw,kist.edu.my,kit.ac.jp,kit.edu,kitab.edu.my,kitakyu-u.ac.jp,kitami-it.ac.jp,kitasato-u.ac.jp,kiu.ac.jp,kiu.ac.ug,kiu.edu.pk,kiu.ru,kiui.ac.jp,kku.ac.th,kku.edu.sa,kku.edu.tr,kkumail.com,klara-oppenheimer-schule.de,klgtu.ru,kliuc.edu.my,klmu.edu.my,klte.hu,kluniversity.in,kma.lt,kma.mk.ua,kmaritime.ac.kr,kmbs.edu.kw,kmdc.edu.pk,kmitl.ac.th,kms.ac.jp,kmtc.ac.ke,kmu.ac.ir,kmu.ac.jp,kmu.edu.af,kmu.edu.tw,kmust.edu.cn,kmutnb.ac.th,kmutt.ac.th,knastu.ru,knct.ac.jp,kneu.kiev.ua,knou.ac.kr,knox.edu,knoxvillecollege.edu,kntu.ac.ir,knua.ac.kr,knuba.edu.ua,knue.ac.kr,knupe.ac.kr,knust.edu.gh,kobe-c.ac.jp,kobe-cufs.ac.jp,kobe-du.ac.jp,kobe-kiu.ac.jp,kobe-shinwa.ac.jp,kobe-u.ac.jp,kobe-wu.ac.jp,kobegakuin.ac.jp,kobepharma-u.ac.jp,kochi-ms.ac.jp,kochi-tech.ac.jp,kochi-u.ac.jp,kodolanyi.hu,koforiduapoly.edu.gh,kogakkan-u.ac.jp,kogakuin.ac.jp,koka.ac.jp,kokugakuin.ac.jp,kokushikan.ac.jp,kolejypc.edu.my,kolieh.com,komazawa-u.ac.jp,konan-u.ac.jp,konan-wu.ac.jp,kongju-e.ac.kr,konkuk.ac.kr,konstfack.se,konyang.ac.kr,kookmin.ac.kr,kordofan.edu.sd,korea-u.ac.jp,korea.ac.kr,koriyama-kgc.ac.jp,koshien.ac.jp,kosin.ac.kr,koto.kpu-m.ac.jp,koyasan-u.ac.jp,kpfu.ru,kpi.kharkov.ua,kpi.ua,kpoly.edu.gh,kptm.edu.my,kpu-m.ac.jp,kpu.ac.jp,krirk.ac.th,krok.edu.ua,krsu.edu.kg,ksa.edu.pk,ksaba.ru,ksau-hs.edu.sa,kse.org.ua,ksfei.ru,ksfh.de,ksmu.kharkov.ua,kspu.kaluga.ru,kspu.kr.ua,kspu.ptz.ru,kstu.edu.ru,kstu.kursk.ru,kstu.kz,kstuca.kharkov.ua,ksu.ac.jp,ksu.edu,ksu.edu.sa,ksu.edu.tr,ksu.edu.tw,ksu.edu.ua,ksu.kz,ksu.ru,ksucta.kg,ksw.edu.pl,ktd.edu.my,kth.se,ktkt-haiduong.edu.vn,ktokai-u.ac.jp,kts.dk,ktu.edu,ktu.edu.tr,ktu.lt,kture.kharkov.ua,ku-eichstaett.de,ku.ac.ae,ku.ac.bd,ku.ac.ke,ku.ac.th,ku.ac.ug,ku.dk,ku.edu,ku.edu.af,ku.edu.bh,ku.edu.np,ku.edu.sa,ku.edu.tr,ku.lt,ku.sk,kuas.edu.tw,kubagro.ru,kubstu.ru,kubsu.ru,kuet.ac.bd,kufs.ac.jp,kug.ac.at,kuim.edu.my,kuin.edu.my,kuins.ac.jp,kuis.ac.jp,kuis.edu.my,kulak.ac.be,kuleuven.ac.be,kuleuven.be,kumagaku.ac.jp,kumamoto-u.ac.jp,kumoh.ac.kr,kums.ac.ir,kumsa.net,kunitachi.ac.jp,kuniv.edu.kw,kunsan.ac.kr,kunstakademie-duesseldorf.de,kunstakademiet.dk,kursk-uni.ru,kursknet.ru,kurume-it.ac.jp,kurume-u.ac.jp,kusa.ac.jp,kushiro-pu.ac.jp,kust.edu.pk,kusw.ac.jp,kutztown.edu,kuva.fi,kvk.lt,kvl.dk,kwandong.ac.kr,kwangju.ac.kr,kwangwoon.ac.kr,kwansei.ac.jp,kwantlen.bc.ca,kwassui.ac.jp,kwc.edu,kwu.edu,kwuc.ac.jp,kwust.ac.ke,kyokyo-u.ac.jp,kyonggi.ac.kr,kyongju.ac.kr,kyorin-u.ac.jp,kyoritsu-wu.ac.jp,kyoto-art.ac.jp,kyoto-phu.ac.jp,kyoto-seika.ac.jp,kyoto-su.ac.jp,kyoto-u.ac.jp,kyoto-wu.ac.jp,kyotogakuen-u.ac.jp,kysu.edu,kyu-dent.ac.jp,kyu.ac.ug,kyukyo-u.ac.jp,kyunghee.ac.kr,kyungnam.ac.kr,kyungpook.ac.kr,kyungsung.ac.kr,kyungwon.ac.kr,kyusan-u.ac.jp,kyushu-ns.ac.jp,kyushu-u.ac.jp,kyutech.ac.jp,kzoo.edu,la.edu,lacc.edu,lacollege.edu,lafayette.edu,lagh-univ.dz,lakeerie.edu,lakeheadu.ca,lakeland.edu,lakeviewcol.edu,lama.lv,lamar.edu,lamk.fi,lamolina.edu.pe,lamp.ac.uk,lampangvc.ac.th,lancs.ac.uk,lander.edu,lanecollege.edu,lanet.lv,langara.bc.ca,laroche.edu,lasalle.edu,lasalle.edu.co,lasalleuniversities.net,lasierra.edu,latech.edu,latrobe.edu.au,lau.edu.lb,laurea.fi,laurentian.ca,laurus.edu,laverne.edu.gr,lawrence.edu,lazarski.pl,lbc.edu,lboro.ac.uk,lcat.ac.th,lcc.lt,lcct.ac.th,lclark.edu,lcsc.edu,lcu.edu,lcwu.edu.pk,le.ac.uk,leeds.ac.uk,leerling.hetccc.nl,leeuniversity.edu,lefke.edu.tr,lehigh.edu,leidenuniv.nl,lemoyne.edu,lesroches.edu,letu.edu,lewisu.edu,lf1.cuni.cz,lfc.edu,lfgsm.edu,lfze.hu,lgpu.lg.ua,lgu.ac.uk,lhi.is,lhs.se,lhu.edu.tw,lhup.edu,liacs.nl,liberty.edu,libopenuniv-edu.org,lidapoly.com,life.edu,lifewest.edu,limcollege.edu,limestone.edu,limkokwing.edu.my,limt.co.uk,limu.edu.ly,lincoln.ac.nz,lincoln.ac.uk,lincoln.edu,lincolnu.edu,lincolnuca.edu,lindenwood.edu,lindsey.edu,linfield.edu,link.cuhk.edu.hk,linton.edu.my,lios.org,lipscomb.edu,lit.ie,liu.edu.lb,liu.se,liuc.it,liunet.edu,liv.ac.uk,live.emvs.net,livenau.net,livjm.ac.uk,lka.edu.lv,lka.lt,lkka.lt,llu.edu,llu.lv,lma.lv,lmc.edu,lmta.lt,lmu.ac.uk,lmu.de,lmu.edu,lmunet.edu,lmuza.lv,ln.edu.hk,lnnu.edu.cn,lntu.edu.cn,lnu.edu.cn,lnu.se,lo-niepolomice.pl,logan.edu,logatti.edu.br,lon.ac.uk,londonmet.ac.uk,loras.edu,louisiana.edu,louisville.edu,lourdes.edu,loyno.edu,loyola.edu,lp.edu.ua,lpru.ac.th,lrguas.ch,lsb.ie,lse.ac.uk,lshtm.ac.uk,lsmu.com,lssu.edu,lsu.edu,lsu.edu.az,lsu.edu.ph,lsus.edu,lth.se,ltu.bg,ltu.edu,ltu.se,lu.ac.ir,lu.lv,lu.se,luc.edu,luca-arts.be,luiss.it,lumhs.edu.pk,lums.ac.ir,lums.edu.pk,lumsa.it,lunet.edu,lus.ac.bd,lut.fi,luth.se,luther.edu,lva.lt,lvc.edu,lycoming.edu,lyit.ie,lynchburg.edu,lynn.edu,lyon.edu,lzu.edu.cn,lzua.lt,ma.odessa.ua,maakhiruniversity.net,maastrichtuniversity.nl,mac.edu,machung.ac.id,mackenzie.br,mackenzista.com.br,mad-fac.be,madi.ru,madisonu.com,mah.se,mahidol.ac.th,mahsa.edu.my,mail.ccsf.edu,mail.gxu.cn,mail.mcgill.ca,mail.nchu.edu.tw,mail.uc.edu,mail.utoronto.ca,maimonides.edu.ar,maine.edu,mainemaritime.edu,majancollege.edu.om,mak.ac.ug,mala.bc.ca,malaghan.org.nz,malayeru.ac.ir,malone.edu,maltepe.edu.tr,mamasaniiau.ac.ir,mamk.fi,man.ac.uk,man.radom.pl,manas.kg,manchester.ac.uk,manchester.edu,mancol.edu,mans.edu.eg,manukaumail.com,maranatha.edu,marian.edu,maricopa.edu,marietta.edu,marist.edu,marlboro.edu,marmara.edu.tr,marshall.edu,marstu.mari.ru,martin.edu,martinmethodist.edu,marygrove.edu,marylhurst.edu,marymount.edu,maryvillecollege.edu,marywood.edu,masdar.ac.ae,maseno.ac.ke,massey.ac.nz,master.hes-so.ch,masters.edu,masu.ru,matci.ac.ma,math.hr,mathsoc.uwaterloo.ca,matnu.edu.lb,matsuyama-u.ac.jp,mau.ac.ir,maufl.edu,mautech.edu.ng,may.ie,mayo.edu,mazums.ac.ir,mbc.edu,mbstu.ac.bd,mbu.ac.th,mc.edu,mca.edu,mcad.edu,mcbc.edu,mccks.edu,mccn.edu,mcgill.ca,mcgregor.edu,mci4me.at,mci.edu,mckendree.edu,mcm.edu,mcmaster.ca,mcneese.edu,mcpherson.edu,mcphu.edu,mcst.edu.sa,mcu.ac.th,mcu.edu.ph,mcu.edu.tw,mcw.edu,mdanderson.org,mdh.se,mdis.uz,mdp.edu.ar,mdu.ac.jp,mdw.ac.at,mdx.ac,mdx.ac.uk,meca.edu,mechnik.spb.ru,med.cornell.edu,med.miami.edu,med.semmelweis-univ.hu,med.umich.edu,med.unc.edu,medaille.edu,mediadesign.school.nz,medicago.com,medicine.wisc.edu,mediu.edu.my,medma.uni-heidelberg.de,medsab.ac.ir,meduni-graz.at,medunigraz.at,meduniv.lviv.ua,meduniversity-plovdiv.bg,meduniwien.ac.at,meduniwien.at,mehr.pgu.ac.ir,meiji-u.ac.jp,meiji.ac.jp,meijigakuin.ac.jp,meijo-u.ac.jp,meikai.ac.jp,meio-u.ac.jp,meisei-u.ac.jp,mejiro.ac.jp,mekong.edu.kh,meltwater.org,memphis.edu,mendelu.cz,menlo.edu,menofia.edu.eg,mercer.edu,mercubuana.ac.id,mercyhurst.edu,meredith.edu,mersin.edu.tr,merz-akademie.de,mesi.ru,messiah.edu,meteo.fr,methodist.edu,methodistcollege.edu,metropolia.fi,metropolitan.edu.rs,metrouni.edu.bd,meu.edu.jo,mevlana.edu.tr,mfh-iserlohn.de,mfu.ac.th,mg-akademie.cz,mgavm.ru,mgh.harvard.edu,mgimo.ru,mgu.ac.jp,mgu.bg,mgul.ac.ru,mh-hannover.de,mh-trossingen.de,mia.by,miad.edu,miami.edu,mica.edu,middlebury.edu,midway.edu,midwestern.edu,mie-chukyo-u.ac.jp,mie-u.ac.jp,miet.ru,mif.hu,mii.lt,miigaik.ru,miis.edu,miit.ru,miles.edu,milligan.edu,millikin.edu,mills.edu,millsaps.edu,mimasaka.ac.jp,mines-ales.fr,mines-ales.org,mines-paristech.fr,mines.edu,minesdedouai.fr,minia.edu.eg,minsk.by,mipt.ru,mirbis.ru,mirea.ru,misis.ru,mispp.edu,missouri.edu,mit.edu,miu.ac.ir,miu.by,miu.edu.pk,miuegypt.edu.eg,miun.se,miyakyo-u.ac.jp,miyazaki-med.ac.jp,miyazaki-mu.ac.jp,miyazaki-u.ac.jp,mju.ac.th,mku.ac.ke,mku.edu.tr,mlc-wels.edu,mlqu.edu.ph,mm-bbs.de,mma.ru,mmbbs.eduplaza.de,mmc.edu,mmm.edu,mmsu.edu.ph,mmu.ac.kr,mmu.ac.tz,mmu.ac.ug,mmu.ac.uk,mmu.edu.my,mmust.ac.ke,mnma.ac.tz,mnsfld.edu,mnu.edu,mobap.edu,modares.ac.ir,moestopo.ac.id,moffitt.org,mofidu.ac.ir,mogadishuuniversity.com,mohawkcollege.ca,mokpo.ac.kr,mokwon.ac.kr,moldnet.md,molloy.edu,mombasapoly.ac.ke,monash.edu.au,monash.edu.my,monmouth.edu,montana.edu,montclair.edu,montevallo.edu,montreat.edu,moody.edu,moore.edu,moorelanduniversity.com,morainevalley.edu,moravian.edu,morehead-st.edu,morehouse.edu,morgan.edu,morioka-u.ac.jp,morningside.edu,morrisbrown.edu,mosconsv.ru,motech.edu,motolinia.com.mx,mountainstate.edu,mountunion.edu,moz.ac.at,mpei.ac.ru,mpi-inf.de,mpu.ac.jp,mq.edu.au,mrsu.ru,mru.ac.ug,mruni.eu,msa.eun.eg,msaab.ru,mseuf.edu.ph,mshdiau.ac.ir,msiu.ru,msj.edu,mslu.by,msm.edu,msmary.edu,msmc.edu,msmnyc.edu,msoe.edu,mssm.edu,msstate.edu,mst.edu,mstu.edu.ru,mstuca.ru,msu.ac.th,msu.ac.zw,msu.edu,msu.edu.my,msu.edu.tr,msu.ru,msubillings.edu,msue.edu.mn,msuee.ru,msuie.ru,msuiit.edu.ph,msumain.edu.ph,msun.edu,msvu.ca,mta.ca,mta.ro,mtaloy.edu,mtc.edu.eg,mtech.edu,mti.edu.eg,mtmary.edu,mtmc.edu,mtmercy.edu,mtroyal.ab.ca,mtsm.org,mtsu.edu,mtu.edu,mtuci.ru,mu-luebeck.de,mu-pleven.bg,mu-sofia.bg,mu-varna.bg,mu.ac.ke,mu.ac.zm,mu.edu,mu.edu.et,mu.edu.tr,mu.oz.au,mubabol.ac.ir,muc.edu.iq,muccobs.ac.tz,muchs.ac.tz,muctr.edu.ru,muet.edu.pk,muh.ru,muhc.mcgill.ca,mui.ac.ir,muk.ac.ir,mukogawa-u.ac.jp,multnomah.edu,mum.edu,mums.ac.ir,mun.ca,muni.cz,muni.es,muohio.edu,murdoch.edu.au,murni.edu.my,muroran-it.ac.jp,musabi.ac.jp,musashi.ac.jp,musashino-music.ac.jp,musc.edu,muscatcollege.edu.om,musik-kons.dk,muskingum.edu,must.ac.ug,must.edu.eg,must.edu.mn,must.edu.my,must.edu.sy,mut.ac.th,mut.edu.lb,mutah.edu.jo,muthesius.de,muw.edu,mvc.edu.ph,mville.edu,mvsu.edu,mwn.de,mwsu.edu,my-pharm.ac.jp,my.nyenrode.nl,mycit.ie,mycod.us,mydavinci.nl,mydit.ie,myges.fr,mylangara.bc.ca,mymdc.net,myongji.ac.kr,myseneca.ca,mytru.ca,myu.ac.jp,myuct.ac.za,mzumbe.ac.tz,mzuni.ac.mw,naa.edu.az,naba.it,nagano.ac.jp,nagaokaut.ac.jp,nagasaki-u.ac.jp,nagasakipu.ac.jp,nagoya-cu.ac.jp,nahrainuniv.edu.iq,naist.jp,nait.ca,najah.edu,nankai.edu.cn,nankyudai.ac.jp,napier.ac.uk,naropa.edu,narotama.ac.id,natfiz.bg,national.edu,nationwidechildrens.org,natur.cuni.cz,nau.edu,nau.edu.ua,nauss.edu.sa,nauu.kiev.ua,nayanova.edu,naz.edu,nbc.edu,nbcc.ca,nbkrist.org,nbu.bg,nbu.edu.cn,nbu.edu.sa,nca.edu.pk,ncad.ie,ncat.edu,ncbc.edu,nccu.edu,nccu.edu.tw,ncf.edu,nchu.edu.tw,nci.gov,ncirl.ie,ncku.edu.tw,ncl.ac.uk,ncnm.edu,ncnu.edu.tw,ncstu.ru,ncsu.edu,nctu.edu.tw,ncu.edu,ncu.edu.cn,ncu.edu.jm,ncu.edu.tw,ncue.edu.tw,ncut.edu.cn,ncwc.edu,ncyu.edu.tw,nd.edu,nd.edu.au,ndc.edu,ndejjeuniversity.ac.ug,ndhu.edu.tw,ndm.edu,ndmu.edu.ph,ndnu.edu,ndri.res.in,ndu.edu.az,ndu.edu.lb,neau.edu.cn,nebraska.edu,nebrija.es,nebrwesleyan.edu,nebuta.ac.jp,nec.edu,nechristian.edu,neduet.edu.pk,neelain.edu.sd,nefu.edu.cn,neit.edu,neiu.edu,nencki.edu.pl,nenu.edu.cn,nes.ru,nescom.edu,net-ustu.ru,neu.edu.cn,neu.edu.ph,neu.edu.tr,neu.edu.vn,neumann.edu,neumont.edu,neuq.edu.cn,neva.ru,newberry.edu,newcastle.edu.au,newcollege.edu,newhaven.edu,newpaltz.edu,newport.ac.uk,newschool.edu,newschoolarch.edu,newtonpaiva.br,nfu.edu.tw,ngha.med.sa,nhh.no,nhl.nl,nhtv.nl,nhu.edu,nhu.edu.tw,nhv.se,ni.ac.rs,niab.org.pk,niagara.edu,nias.ac.jp,nibm.lk,nic.bc.ca,nida.ac.th,nigde.edu.tr,nih.gov,nih.no,nijenrode.nl,nikhef.nl,nilai.edu.my,nilc.spb.ru,nileu.edu.eg,nilevalley.edu.sd,nipissingu.ca,nirmauni.ac.in,nit.ac.ir,nitc.ac.in,nith.no,nitk.ac.in,nitk.edu.in,niu.edu,niu.edu.tw,niuitmo.ru,njau.edu.cn,njcu.edu,njfu.edu.cn,njit.edu,njmu.edu.cn,njnu.edu.cn,njtu.edu.cn,nju.edu.cn,njue.edu.cn,njupt.edu.cn,njust.edu.cn,njutcm.edu.cn,nkfust.edu.tw,nknu.edu.tw,nkrriwf.pl,nku.edu,nku.edu.tr,nkumbauniversity.ac.ug,nkust.edu.tw,nkzu.kz,nl.edu,nla.no,nlc.bc.ca,nlh.no,nma.bg,nmbu.no,nmetau.edu.ua,nmh.no,nmhu.edu,nmmu.ac.za,nmsu.edu,nmt.edu,nmu.edu,nmu.edu.ua,nmu.org.ua,nnu.edu,noctrl.edu,nodak.edu,noorderpoort.nl,nooruse.ee,nord.no,nordakademie.de,norna.ru,northampton.ac.uk,northeastern.edu,northern.edu,northland.edu,northpark.edu,northsouth.edu,northwestern.edu,northwestu.edu,northwood.edu,norvuz.ru,norwich.edu,nosu.ru,nottingham.ac.uk,nottingham.edu.my,nou.edu.tw,nova.edu,novacollege.nl,novsu.ac.ru,np.ac.rs,nps.navy.mil,nptu.edu.tw,npu.edu.ua,npust.edu.tw,nrc.ca,nsa.bg,nsau.edu.ru,nsc.ru,nscad.ns.ca,nscc.ca,nsk.su,nsmu.ru,nstu.edu.bd,nstu.ru,nsu.edu,nsu.ru,nsula.edu,nsuok.edu,nsysu.edu.tw,nt.gov.au,ntb.ch,ntcu.edu.tw,nthu.edu.tw,ntnu.edu.tw,ntnu.no,ntou.edu.tw,ntpu.edu.tw,nttu.edu.tw,ntu.ac.uk,ntu.edu.sg,ntu.edu.tw,ntua.edu.tw,ntua.gr,ntue.edu.tw,ntunhs.edu.tw,ntust.edu.tw,ntut.edu.tw,nu.ac.th,nu.edu,nu.edu.bd,nu.edu.kz,nu.edu.ph,nu.edu.pk,nu.edu.sa,nuaa.edu.cn,nub.ac.bd,nuc.edu.cn,nudt.edu.cn,nugaaluniversity.com,nui.ie,nuigalway.ie,nuim.ie,nuk.edu.tw,num.edu.kh,num.edu.mn,numl.edu.pk,nuol.edu.la,nuos.edu.ua,nur.ac.rw,nur.edu,nus.edu.sg,nus.edu.ws,nust.ac.zw,nust.edu.pk,nutn.edu.tw,nuu.edu.tw,nuu.uz,nvit.bc.ca,nwc.edu,nwcc.edu,nwciowa.edu,nwfpuet.edu.pk,nwmissouri.edu,nwnu.edu.cn,nwpi.ru,nwpu.edu.cn,nwu.edu.cn,nxu.edu.cn,nyaa.edu,nyackcollege.edu,nybc.org,nycc.edu,nycpm.edu,nyenrode.nl,nyit.edu,nyit.edu.bh,nyit.edu.jo,nyls.edu,nymc.edu,nyme.hu,nysid.edu,nyu.edu,nyulangone.org,nyumc.org,o6u.edu.eg,oak.edu,oakland.edu,oakton.edu,oakwood.edu,oamk.fi,oau.edu.sd,oauife.edu.ng,oberlin.edu,obninsk.ru,obsbs.de,obu.edu,oc.edu,ocac.edu,ocad.ca,occ.edu,odisee.be,odtu.edu.tr,odu.edu,oecu.jp,ogasa.odessa.ua,ogi.edu,oglethorpe.edu,ogu.edu.tr,ohio-state.edu,ohiou.edu,ohm-hochschule.de,ohri.ca,ohsu.edu,oic.ac.jp,oic.jp,oit.edu,oiu.edu.sd,okanagan.bc.ca,okbu.edu,okcu.edu,okstate.edu,olc.edu,oldwestbury.edu,olemiss.edu,olhcc.edu,olivet.edu,olivetcollege.edu,ollusa.edu,olmeca.edu.mx,olympia.edu.my,omancollege.edu.om,omgau.ru,omgpu.ru,omgtu.ru,omgups.ru,oml.pt,omorecollege.edu,omsk-osma.ru,omsk.edu,omsk.su,omu.edu.ly,omu.edu.tr,oneonta.edu,online.muiv.ru,onu.edu,onu.edu.ua,open.ac.uk,openpolytechnic.ac.nz,openu.ac.il,opsu.edu,opu.odessa.ua,oradeauniversity.com,orkhon.edu.mn,orst.edu,ort.edu.uy,oru.edu,oru.se,orun.ru,os3.nl,osaft.odessa.ua,osaka-cu.ac.jp,oshmed.com,osmu.odessa.ua,osu.cz,osu.ru,osumc.edu,oswego.edu,otago.ac.nz,oteima.ac.pa,ottawa.edu,otterbein.edu,ou.edu,ou.edu.vn,ou.nl,ouc.ac.cy,ouc.edu.cn,ouhk.edu.hk,ouhsc.edu,ouj.ac.jp,ouk.edu.tw,oulu.fi,oum.edu.my,ous.edu.sd,ovc.edu,ovgu.de,ovidunivconstanta-edu.org,owu.edu,ox.ac.uk,oxy.edu,oyu.edu.az,ozarks.edu,p.lodz.pl,pa.edu.az,pace.edu,pacific.edu,pacifica.edu,pacificoaks.edu,pacificu.edu,pacuc.edu.gh,paderborn.de,pafa.org,pafkiet.edu.pk,paichai.ac.kr,paine.edu,paisley.ac.uk,pakaims.edu.pk,palermo.edu.ar,palmbeachstate.edu,palmer.edu,pam.szczecin.pl,pamukkale.edu.tr,pancabudi.ac.id,paneurouni.com,panteion.gr,paramadina.ac.id,parisdescartes.fr,park.edu,parsons.edu,pasteur.fr,pau.ac.pg,payap.ac.th,pb.bialystok.pl,pba.edu,pbc.edu,pc.edu,pcc.edu,pccu.edu.tw,pcom.edu,pctraining.edu.za,pcu.edu.ph,pcz.czest.pl,pdu.by,pdx.edu,peace.edu,peachnet.edu,pedago.pt,pedagogica.edu.co,pennmedicine.upenn.edu,pepperdine.edu,perbanas.ac.id,perbanasinstitute.ac.id,persianacademy.ir,peru.edu,petra.ac.id,pfeiffer.edu,pfh-goettingen.de,pfu.edu.ru,pfur.ru,pg.gda.pl,pgi.edu,pglu.ru,pgu.ac.ir,ph-erfurt.de,ph-freiburg.de,ph-gmuend.de,ph-heidelberg.de,ph-karlsruhe.de,ph-ludwigsburg.de,ph-weingarten.de,pharmi.uz,phbern.ch,phgr.ch,philadelphia.edu.jo,philander.edu,philau.edu,phillips.edu,philtheol-augustin.de,phinma.edu.ph,phw.info,phzh.ch,pi.ac.ae,piau.ac.ir,pics.edu.pk,pidc.edu.my,piedmont.edu,pine.edu.my,pit.edu,pitt.edu,pittstate.edu,pitzer.edu,pjwstk.edu.pl,pk.edu.pl,pkb.edu.my,pkksabah.edu.my,pkkt.edu.my,pknu.ac.kr,pku.edu.cn,planwel.edu,plattsburgh.edu,plm.edu.ph,plu.edu,plymouth.ac.uk,plymouth.edu,pma.ph,pmbs.ac.id,pmfst.hr,pmlrru.org,pmm.edu.my,pmu.ac.at,pmu.edu.sa,pnc.edu,pnca.edu,pnj.ac.id,pntu.edu.ua,pnu.ac.ir,pnum.ac.ir,pnzgu.ru,po.opole.pl,polak.edu.lv,polban.ac.id,poliba.it,poligran.edu.co,poliku.edu.my,polimas.edu.my,polimelaka.edu.my,polimi.it,polimuadzam.edu.my,polines.ac.id,polinpdg.ac.id,polipd.edu.my,polisas.edu.my,polito.it,polnep.ac.id,polsl.pl,poltekpos.ac.id,poly.edu,polymtl.ca,polytech-lille.fr,polytechnic-kabul.org,polytechnique.fr,polyu.edu.hk,pomona.edu,pomorsu.ru,poornima.org,popakademie.de,port.ac.uk,post.edu,postech.ac.kr,postgrad.otago.ac.nz,pote.hu,potsdam.edu,ppke.hu,ppu.edu,pqc.edu,pr.ac.rs,praguecollege.cz,pratt.edu,presby.edu,presbyuniversity.edu.gh,prescott.edu,presidency.edu.bd,preston.edu,prin.edu,princeton.edu,privatfh-da.de,privrednaakademija.edu.rs,prover.com.br,providence.edu,prz.rzeszow.pl,psa.edu.my,psas.edu.my,psfa.ru,psis.edu.my,psma.ru,psmza.edu.my,psp.edu.my,pspu.ac.ru,pstu.ac.bd,pstu.ac.ru,psu.ac.th,psu.by,psu.edu,psu.edu.ph,psu.edu.sa,psu.ru,psut.edu.jo,psy.lv,ptcdb.edu.ps,pte.hu,pth-bb.de,pth-muenster.de,pthv.de,ptpl.edu.my,ptsb.edu.my,ptss.edu.my,ptu.ac.th,ptuniv.ac.kr,pu-kumamoto.ac.jp,pu.edu.np,pu.edu.pk,pu.edu.tw,pu.if.ua,pu.ru,pua.edu.eg,pub.ro,puc-rio.br,puc.cl,puc.edu,puc.edu.kh,puccamp.br,puce.edu.ec,pucit.edu.pk,pucminas.br,pucmm.edu.do,pucp.edu.pe,pucpr.br,pucpr.edu,pucrs.br,pucsp.br,pufs.ac.kr,pugc.edu.pk,pul.it,puls.edu.pl,puntlandstateuniversity.com,puo.edu.my,pup.edu.ph,pupr.edu,purbuniv.edu.np,purchase.edu,purdue.edu,pusa-sy.org,pusan.ac.kr,pusc.it,pusku.edu.ua,pust.ac.bd,put.ac.ir,put.poznan.pl,puterabatam.ac.id,puv.fi,pv-ma.bg,pvamu.edu,pw.edu.pl,pw.waw.pl,pwr.wroc.pl,pwst.krakow.pl,pwsz.elblag.pl,pwsz.eu,pwsz.pila.pl,pwsz.pl,pxl.be,pz.zgora.pl,pzhu.edu.cn,qadissuni.edu.iq,qau.edu.pk,qc.edu,qc.edu.sa,qdpi.uz,qdu.edu.cn,qfnu.edu.cn,qhnu.edu.cn,qhrtvu.edu.cn,qhu.edu.cn,qimrberghofer.edu.au,qmw.ac.uk,qom.ac.ir,qou.edu,qu.edu.qa,qu.edu.sa,qub.ac.uk,queens.edu,queensu.ca,questu.ca,quincy.edu,quinnipiac.edu,qums.ac.ir,quran-unv.edu.sd,qurtuba.edu.pk,qust.edu.cn,qut.edu.au,qvius.edu,qzu.edu.cn,rah.ru,ram.ac.uk,ramapo.edu,ramk.fi,rasmussen.edu,rau.am,rau.edu.uy,rau.lv,rau.ro,rauheshaus.de,razi.ac.ir,rc.edu,rca.ac.uk,rcm.ac.uk,rcpi.ie,rcsi-mub.com,rcsi.ie,rct.edu.sa,rdg.ac.uk,rea.ru,redcross.ac.jp,redeemer.ca,redlands.edu,reduaz.mx,reduc.edu.cu,reed.edu,refer.ne,regent-college.edu,regent.edu,regentghana.net,regents.edu,regis.edu,reigategrammar.org,reinhardt.edu,reutlingen-university.de,rfh-koeln.de,rgsu.ru,rgu.ac.uk,rgups.ru,rhbnc.ac.uk,rhodes.edu,ribat.edu.sd,ric.edu,rice.edu,richmond.ac.uk,rider.edu,rightchoice.org,rimed.cu,ringling.edu,riphah.edu.pk,ripon.edu,risd.edu,rit.edu,riteh.hr,rivier.edu,riviera.fr,riyadh.edu.sa,rma.ac.be,rmc.ca,rmc.edu,rmcad.edu,rmcil.edu,rmit.edu.au,rmit.edu.vn,rmutl.ac.th,rmutp.ac.th,rn.dk,rnp.br,roac.nl,roanoke.edu,robert-morris.edu,roceindhoven.nl,rochester.edu,rockefeller.edu,rockford.edu,rockhurst.edu,rocky.edu,rocvantwente.nl,roehampton.ac.uk,rollins.edu,roosevelt.edu,rose-hulman.edu,rosemont.edu,rossmed.edu,rossu.edu,rowan.edu,royalroads.ca,rpi.edu,rpiva.lv,rrc.ca,rshu.ru,rsmu.ru,rsu.ac.th,rsu.edu.sd,rsu.ru,rsuh.ru,rtu.lv,ru.ac.bd,ru.ac.th,ru.ac.za,ru.is,ru.lv,ru.nl,rua.edu.kh,rub.de,rub.edu.bt,rubinst.ru,ruc.dk,ruc.edu.cn,ruet.ac.bd,rufa.edu.kh,rug.ac.be,rug.edu.sa,rug.nl,ruhr-uni-bochum.de,rule.edu.kh,rums.ac.ir,runet.edu,rupp.edu.kh,rush.edu,rusoil.net,rustcollege.edu,rutgers.edu,rwc.edu,rwth-aachen.de,rwu.edu,ryerson.ca,saadcollege.com,sabanciuniv.edu.tr,sabauni.net,sabi.eu.com,sacn.edu,sacredheart.edu,sadatacademy.edu.eg,sadjad.ac.ir,sadra.ac.ir,saedubai.com,sage.edu,sagrado.edu,sagu.edu,saintjoe.edu,saintleo.edu,saintmarys.edu,saintmeinrad.edu,saintpauls.edu,sait.ca,saito.edu.my,salem.edu,salford.ac.uk,salu.edu.pk,salvador.edu.ar,salve.edu,samdu.uz,samford.edu,samiit.ru,samk.fi,samsmu.ru,samuelmerritt.edu,sanbeda.edu.ph,sandau.edu.cn,sandiego.edu,sangji.ac.kr,sangmyung.ac.kr,sangu.ge,sanjuanbautista.edu,sanmartin.edu.co,santoangel.org,saojudas.br,sapanet.ru,sapc.edu,sapientia.ro,sas-sd.net,sas.ac.uk,saskpolytech.ca,sastra.ac.in,sau.ac.th,sau.edu,sau.edu.pk,sau.edu.tr,sau.sumy.ua,saultcollege.ca,saumag.edu,saut.ac.tz,savonia.fi,saxion.edu,sbc.edu,sbg.ac.at,sbjacksonville.com,sbmu.ac.ir,sbs.edu,sbs.edu.cn,sbu.ac.ir,sbu.edu,sbuniv.edu,sc-nm.si,sc.edu,scad.edu,scau.edu.cn,scbaghdad.com,sce.ac.il,sch.ac.kr,schiller.edu,schillermadrid.edu,schillerstrasbourg.com,schoolofvisualarts.edu,schreiner.edu,sci.edu,sci.kz,sciarc.edu,scicu.org,sciences-po.fr,scintillon.org,sckans.edu,scnu.edu.cn,sco.edu,scp.fi,scripps.edu,scrippscol.edu,scsu.edu,scu.edu,scu.edu.au,scu.edu.cn,scu.edu.tw,scut.edu.cn,sdau.edu.cn,sdc.edu,sde.dk,sdju.edu.cn,sdmu.edu.cn,sdnu.edu.cn,sdsmt.edu,sdstate.edu,sdsu.edu,sdu.dk,sdu.edu.az,sdu.edu.cn,sdu.edu.kz,sdu.edu.tr,sduis.edu,sdut.edu.cn,sdutcm.edu.cn,seattleu.edu,sebc.edu,sebhau.edu.ly,sec.ac.bd,secna.ru,secupv.org,seeu.edu.mk,segi.edu.my,sehir.edu.tr,sejong.ac.kr,sek.edu,sekuco.org,selcuk.edu.tr,selk.de,selkirk.bc.ca,selu.edu,selyeuni.sk,semnan.ac.ir,semnaniau.ac.ir,semo.edu,semyung.ac.kr,senac.br,sendai-nct.jp,senecac.on.ca,senshu-u.jp,seonam.ac.kr,seowon.ac.kr,sescam.jccm.es,setonhill.edu,setur.fo,seu.ac.bd,seu.edu.cn,seua.am,sever.ru,sevntu.com.ua,sevs.sk,sewanee.edu,sfa.ba,sfai.edu,sfasu.edu,sfb.ac.rw,sfbc.edu,sfc.edu,sfcm.edu,sfcpa.edu,sfsu.edu,sfu.ca,sgap.ru,sgau.ru,sggw.pl,sggw.waw.pl,sgh.waw.pl,sghms.ac.uk,sgma.info,sgu.ac.id,sgu.edu,sgu.edu.cn,sgu.edu.vn,sgu.ru,sh-sipopolytechnic.com,sh.se,shahed.ac.ir,shahroodut.ac.ir,shahryariau.ac.ir,shams.edu.eg,shannoncollege.com,sharif.ac.ir,sharjah.ac.ae,shawnee.edu,shawuniversity.edu,shbu.ac.ir,shc.edu,shef.ac.uk,shenkar.ac.il,shepherd.edu,sheridanc.on.ca,sherman.edu,shfu.edu.cn,shh.fi,shift.edu.cn,shimer.edu,ship.edu,shirazu.ac.ir,shisu.edu.cn,shitennoji.ac.jp,shmtu.edu.cn,shmu.edu.cn,shoin.ac.jp,shomal.ac.ir,shoreline.edu,shorter.edu,shotoku.ac.jp,shouhua.net.cn,shsmu.edu.cn,shspu.edu.cn,shsu.edu,shtvu.edu.cn,shu-bg.net,shu.ac.uk,shu.edu,shu.edu.cn,shu.edu.tw,shudo-u.ac.jp,shufe.edu.cn,shutcm.edu.cn,siam.edu,siba.fi,sibcb.ac.cn,sibiu.ro,sibsutis.ru,sicau.edu.cn,sicnu.edu.cn,sicsr.ac.in,siena.edu,sierranevada.edu,siewerth-akademie.de,sil.edu.pe,silla.ac.kr,sim.edu.sg,simpson.edu,singaporetech.edu.sg,singidunum.edu.rs,sinica.edu.tw,sinnaruniv.edu.sd,sisekaitse.ee,sissa.it,sisu.edu.cn,sit.edu,siu-heidelberg.de,siu.edu,siu.edu.bd,siue.edu,sjc.edu,sjca.edu,sjcme.edu,sjcny.edu,sjfc.edu,sjsm.org,sjsu.edu,sjtu.edu.cn,sju.edu,sju.edu.tw,sjzu.edu.cn,skadron.com,skidmore.edu,skku.ac.kr,skolkovotech.ru,skpec.edu.in,skpit.edu.in,sku.ac.ir,skums.ac.ir,skuniv.ac.kr,skylineuniversity.com,sl.edu,slam.katowice.pl,slc.edu,sliit.lk,slu.cz,slu.edu,slu.edu.ph,slu.se,smarcos.br,smcm.edu,smcvt.edu,smd22.qmul.ac.uk,smmu.edu.cn,smr.ru,smsu.edu,smtu.ru,smu.ac.uk,smu.edu,smu.edu.ph,smu.edu.sg,smumn.edu,smwc.edu,snc.edu,snhu.edu,snnu.cn,sns.it,snspa.ro,snu.ac.kr,snu.edu,snu.edu.ua,snut.ac.kr,soas.ac.uk,sogang.ac.kr,sohag-univ.edu.eg,soharuni.edu.om,soka.edu,soken.ac.jp,solent.ac.uk,solusi.ac.zw,sonoma.edu,sookmyung.ac.kr,soongsil.ac.kr,sorbon.fr,sorbonne.ae,sorbonne.fr,sote.hu,soton.ac.uk,sou.edu,southalabama.edu,southeasternbaptist.edu,southern-bd.info,southern.edu,southernchristian.edu,southwales.ac.uk,southwestern.edu,sowmesaraiau.ac.ir,spalding.edu,spartanmed.org,spbgasu.ru,spbgau.spb.ru,spbguki.ru,spbgut.ru,spbstu.ru,spbtei.ru,spbu.ru,spbuwc.ru,spc.edu,spcpa.ru,spelman.edu,spengergasse.at,spertus.edu,spiruharet.ro,spk-55.ru,spmi.edu.ru,sps-tabor.cz,spse-po.sk,spsmma.com,spsu.edu,spu.ac.th,spu.ba,spu.edu,squ.edu.om,srbiau.ac.ir,srh-berlin.de,srmuniv.ac.in,srmuniv.edu.in,srttu.edu,sru.edu,sru.edu.kh,ssaa.ru,ssau.ru,sse.gr,ssees.ac.uk,sseriga.edu.lv,sseu.ru,ssl-unipi.gr,ssmu.ru,ssss.gouv.qc.ca,sssup.it,ssu.ac.ir,ssu.edu,ssu.edu.ph,ssu.samara.ru,ssuet.edu.pk,st-and.ac.uk,st-aug.edu,st-patricks.ac.uk,stac.edu,staffs.ac.uk,stamford.edu,stamforduniversity.info,stan.ac.id,stanford.edu,stankin.ru,starkstate.net,stavsu.ru,stcl.edu,stcloudstate.edu,stedwards.edu,stefan-university.edu,stenden.com,stephens.edu,sterling.edu,stetson.edu,stevens-tech.edu,stfrancis.edu,stfx.ca,stillman.edu,stir.ac.uk,stjohn.ac.th,stjohns.edu,stjohnsem.edu,stkate.edu,stlawu.edu,stlcop.edu,stmartin.edu,stmarys-ca.edu,stmarys.ca,stmarytx.edu,stmatthews.edu,stockholm-fu.com,stockton.edu,stolaf.edu,stonybrook.edu,stou.ac.th,stptrisakti.ac.id,strath.ac.uk,strathmore.edu,stritch.edu,strose.edu,stthom.edu,stthomas.edu,stthomasu.ca,stu.ac.kr,stu.ca,stu.edu,stu.edu.cn,stu.lipetsk.ru,stu.pku.edu.cn,stu.ru,stuba.sk,stud.hioa.no,stud.uke.uni-hamburg.de,stud.uni-due.de,stud.uni-heidelberg.de,studbocconi.it,student.42.fr,student.allenisd.org,student.helha.be,student.inholland.nl,student.otago.ac.nz,student.rocva.nl,student.scalda.nl,student.uts.edu.au,student.vives.be,students.dvfu.ru,stust.edu.tw,stvincent.edu,stw.de,su.ac.th,su.edu,su.edu.eg,su.edu.ph,su.edu.sa,su.edu.ye,su.lt,su.se,suagm.edu,suai.ru,suanet.ac.tz,subr.edu,suc.edu.om,suda.edu.cn,sues.edu.cn,suez.edu.eg,suh-edu.com,suit.edu.pk,sullivan.edu,sulross.edu,sumdu.edu.ua,summacollege.nl,sums.ac.ir,sun.ac.za,sunderland.ac.uk,sungkyul.ac.kr,sungshin.ac.kr,sunmoon.ac.kr,suno.edu,sunway.edu.my,suny.edu,sunycentral.edu,sunyit.edu,sunymaritime.edu,sunyopt.edu,sunysb.edu,supaero.fr,supbiotech.fr,supco-amiens.fr,supco-montpellier.fr,supelec.fr,superior.edu.pk,supinternet.fr,surrey.ac.uk,susla.edu,susqu.edu,sussex.ac.uk,sust.edu,sustech.edu,sut.ac.ir,sut.ac.th,sut.ru,sutd.ru,sutech.ac.ir,suu.edu,suwon.ac.kr,svc.edu,sve-mo.ba,svsu.edu,svu.edu.eg,svuonline.org,swan.ac.uk,swarthmore.edu,swau.edu,swbts.edu,swc.edu,swcu.edu,swfc.edu.cn,swin.edu.au,swinburne.edu.my,swissmc.ch,swjtu.edu.cn,swlaw.edu,swosu.edu,swps.edu.pl,swu.ac.kr,swu.ac.th,swu.bg,swu.edu,swu.edu.ph,swufe.edu.cn,swupl.edu.cn,sxau.edu.cn,sxu.edu,sxu.edu.cn,sydney.edu.au,syict.edu.cn,symbiosis.ac.in,syphu.edu.cn,syr.edu,sytu.edu.cn,syu.ac.kr,syu.edu.cn,szabist.edu.pk,sze.hu,szie.hu,szu.at,szu.edu.cn,szu.sk,t-bird.edu,tabor.edu,tabriziau.ac.ir,tabrizu.ac.ir,tachibana-u.ac.jp,taegu.ac.kr,tafensw.net.au,taibahu.edu.sa,taj.edu.my,tajagroun.tj,tajamar365.com,taliesin.edu,talladega.edu,tambcd.edu,tamiu.edu,tamu.edu,tamucc.edu,tamuk.edu,tamut.edu,tane.edu.ua,tanta.edu.eg,tarc.edu.my,tarena.tj,tarleton.edu,tart.spb.ru,tau.ac.il,tayi.uz,taylors.edu.my,tayloru.edu,taynguyenuni.edu.vn,tbc2day.edu,tbzmed.ac.ir,tcd.ie,tci.edu,tcm.ac.uk,tcnj.edu,tct.ac.ir,tcu.edu,tcu.edu.tw,teak.fi,tec.mx,tecbc.mx,technet.com.br,technikum-wien.at,technion.ac.il,tecnicosuperiorekennedy.it,tees.ac.uk,teiath.gr,teicrete.gr,teiep.gr,teihal.gr,teiher.gr,teikal.gr,teikav.edu.gr,teikoz.gr,teilam.gr,teilar.gr,teimes.gr,teipat.gr,teipir.gr,teiser.gr,teithe.gr,telecom-bretagne.eu,telecom-sudparis.eu,temple.edu,teologi.dk,tepeyac.edu.mx,termnet.co.jp,tesc.edu,test.io,texascollege.edu,tfh-berlin.de,tfh-bochum.de,tfh-wildau.de,tfi.uz,tgm.ac.at,tgsha.ru,th-brandenburg.de,th-deg.de,th-nuernberg.de,th-wildau.de,the-bac.edu,theatrins-yar.ru,thechicagoschool.edu,thecoo.edu,thegameassembly.com,theonest.edu.lb,thh-friedensau.de,thiel.edu,thiqaruni.org,thm.de,thomas.edu,thomasaquinas.edu,thomasmore.be,thomasmore.edu,thomasmorecollege.edu,thomasu.edu,thu.edu.tw,tiau.ac.ir,tietgen.dk,tiffin.edu,tiffinprague.cz,tiho-hannover.de,tiim.uz,tijmu.edu.cn,tilburguniversity.nl,timacad.ru,tip.edu.pk,tishreen.edu.sy,tiu.edu,tiu.uz,tjcu.edu.cn,tjmu.edu.cn,tjnu.edu.cn,tjpu.edu.cn,tjrtvu.edu.cn,tju.edu,tju.edu.cn,tjufe.edu.cn,tjut.edu.cn,tkbf.hu,tktk.ee,tku.edu.tw,tltsu.ru,tlu.ee,tma.uz,tmc.edu,tmmu.edu.cn,tmn.ru,tmu.edu.cn,tmu.edu.tw,tnnua.edu.tw,tnstate.edu,tntech.edu,tntemple.edu,tnu.crimea.ua,tnua.edu.tw,tnuni.sk,toccoafalls.edu,tokyo-med.ac.jp,toledo.br,tongji.edu.cn,tonichi-kokusai-u.ac.jp,torun.pl,tougaloo.edu,toulouse-bs.org,tourism.edu.az,touro.edu,touro.ru,towson.edu,tpmcollege.edu.my,tpoly.edu.gh,tpu.fi,tpu.ru,trakya.edu.tr,transy.edu,trentu.ca,trevecca.edu,tri.edu.au,tribhuvan-university.edu.np,trin.edu,trincoll.edu,trinity-cm.ac.uk,trinity.edu,trinitycollege.edu,trisakti.ac.id,trnty.edu,troy.edu,tru.ca,truman.edu,truni.sk,tsi.lv,tsinghua.edu.cn,tsma.ru,tsmu.edu,tsn.at,tsogu.ru,tspu.edu.ru,tstu.ru,tstu.tver.ru,tstu.uz,tsu.ac.th,tsu.edu,tsu.edu.ge,tsu.ru,tsu.tula.ru,tsuab.ru,tsue.uz,tsure.ru,ttc.edu.tw,ttk.hu,ttk.mta.hu,ttn.ru,ttu.edu,ttu.edu.jo,ttu.edu.tw,ttu.ee,ttuhsc.edu,tu-berlin.de,tu-braunschweig.de,tu-bryansk.ru,tu-bs.de,tu-chemnitz.de,tu-clausthal.de,tu-cottbus.de,tu-darmstadt.de,tu-dortmund.de,tu-dresden.de,tu-freiberg.de,tu-harburg.de,tu-ilmenau.de,tu-muenchen.de,tu-sofia.bg,tu.ac.th,tu.edu,tu.edu.sa,tuaf.edu.vn,tuc.gr,tudelft.nl,tue.nl,tuf.edu.pk,tugab.bg,tugraz.at,tuhh.de,tui.edu,tuiasi.ro,tuit.uz,tuke.sk,tukkk.fi,tuks.co.za,tulane.edu,tum.de,tumaini.ac.tz,tums.ac.ir,tuniv.szczecin.pl,tup.edu.ph,tup.km.ua,turkuamk.fi,tusculum.edu,tusom.org,tusur.ru,tut.ac.jp,tut.ac.za,tut.fi,tuvsu.ru,tuwien.ac.at,tuzvo.sk,tversu.ru,tvu.ac.uk,tvz.hr,twcnet.edu,twu.ca,twu.edu,txchiro.edu,txwesleyan.edu,tyszkiewicz.edu.pl,tyut.edu.cn,u-3mrs.fr,u-bordeaux2.fr,u-bordeaux.fr,u-bourgogne.fr,u-cergy.fr,u-clermont1.fr,u-grenoble3.fr,u-keiai.ac.jp,u-nancy.fr,u-paris2.fr,u-paris10.fr,u-pe.fr,u-picardie.fr,u-psud.fr,u-strasbg.fr,u-szeged.hu,u-tokai.ac.jp,u-tokyo.ac.jp,ua.ac.be,ua.edu,ua.edu.ph,ua.es,ua.pt,uaa.edu.py,uaaan.mx,uaar.edu.pk,uab.cat,uab.edu,uab.edu.bo,uab.es,uab.pt,uab.ro,uabc.mx,uabcs.mx,uabjb.edu.bo,uabjo.mx,uac.bj,uac.edu.co,uac.pt,uaca.ac.cr,uacam.mx,uacg.bg,uach.cl,uach.mx,uacj.mx,uacm.edu.mx,uaconcagua.cl,uad.ac.id,uad.edu.mx,uade.edu.ar,uadec.mx,uader.edu.ar,uady.mx,uae.ac.ma,uae.edu.sv,uaed.edu.mx,uaem.mx,uaemex.mx,uaeu.ac.ae,uaf.edu,uaf.edu.pk,uaf.mx,uafam.edu.do,uag.mx,uagraria.edu.ec,uagrm.edu.bo,uagro.mx,uah.edu,uah.es,uahurtado.cl,uai.cl,uaic.ro,uajms.edu.bo,uajy.ac.id,uakron.edu,ual.es,ual.mx,ualberta.ca,ualg.pt,ualm.es,ualr.edu,uam.ac.cr,uam.edu.co,uam.edu.ni,uam.es,uam.mx,uamerica.edu.co,uamericana.edu.py,uamericas.cl,uamont.edu,uams.be,uams.edu,uan.ao,uan.mx,uancv.edu.pe,uandes.cl,uane.edu.mx,uanl.mx,uantof.cl,uantwerpen.be,uap-bd.edu,uap.edu.pe,uap.edu.ph,uap.edu.py,uapa.edu.do,uapa.ru,uapar.edu,uapb.edu,uaq.mx,uark.edu,uartdcluj.ro,uarts.edu,uas.cl,uas.mx,uasb.edu.bo,uasb.edu.ec,uasd.edu.do,uaslp.mx,uasm.md,uasnet.mx,uast.ac.ir,uasys.edu,uat.edu,uat.edu.al,uat.mx,uat.ro,uatf.edu.bo,uatla.pt,uatx.mx,uav.ro,uax.es,uazuay.edu.ec,ub.ac.id,ub.bw,ub.edu.ar,ub.edu.bi,ub.edu.bz,ub.edu.ph,ub.edu.pl,ub.es,ub.ro,uba.ar,uba.edu.ve,ubac.edu.mx,ubaguio.edu,ubalt.edu,ubaya.ac.id,ubbcluj.ro,ubc.ca,ubd.edu.bn,ubhara.ac.id,ubharajaya.ac.id,ubi.edu,ubi.pt,ubiobio.cl,ubishops.ca,ubm.ac.id,ubm.ro,ubohiggins.cl,ubolivariana.cl,ubouake.ci,ubp.edu.ar,ubritanica.cl,ubt.edu.al,ubu.ac.th,ubu.es,ubuea.net,ubv.edu.ve,uc3m.es,uc.cl,uc.edu,uc.edu.kh,uc.edu.py,uc.edu.ve,uc.pt,uc.rnu.tn,uca.ac.cr,uca.edu,uca.edu.ar,uca.edu.ni,uca.edu.sv,uca.es,uca.fr,ucaazo.edu.ec,ucab.edu.ve,ucacue.edu.ec,ucad.edu.sv,ucad.sn,ucaldas.edu.co,ucalgary.ca,ucalp.edu.ar,ucam.ac.ma,ucam.edu,ucan.edu,ucapanama.org,ucas.edu.ps,ucasal.net,ucat.edu.ve,ucateci.edu.do,ucatolica.ac.cr,ucatolica.edu.co,ucauca.edu.co,ucavila.es,ucb.br,ucb.edu.bh,ucb.edu.bo,ucb.edu.pr,ucbcba.edu.bo,ucbscz.edu.bo,ucbtja.edu.bo,ucc.edu.co,ucc.edu.gh,ucc.edu.ni,ucc.ie,ucc.mx,uccm.md,uccor.edu.ar,uccs.edu,uccuyo.edu.ar,ucd.ac.ma,ucd.ie,ucdavis.edu,ucdconnect.ie,ucdcoonnect.ie,uce.edu.do,ucel.edu.ar,ucem.ac.cr,ucem.edu.mx,ucem.edu.ni,ucentral.cl,ucentral.edu.co,ucervantes.cl,uces.edu.ar,uceva.edu.co,ucf.edu,ucf.edu.cu,ucg.br,ucg.gr,ucg.ie,uch.edu.ar,uchastings.edu,uchc.edu,uchceu.es,uchicago.edu,uchile.cl,uci.ac.cr,uci.edu,ucine.edu.ar,ucinf.cl,ucj.edu.sa,uck.ac.rw,ucl.ac.be,ucl.ac.uk,ucla.edu,ucla.edu.ve,uclah.edu.mx,uclan.ac.uk,uclive.ac.nz,uclm.es,uclouvain.be,uclv.edu.cu,ucm.ac.mz,ucm.cl,ucm.es,ucm.sk,ucmerced.edu,ucmo.edu,ucn.cl,ucn.dk,ucn.edu.co,ucna.info,ucne.edu.do,ucnh.org,uco.edu.co,uco.es,uco.fr,ucol.mx,ucollege.edu,ucom.edu.py,uconn.edu,ucop.edu,ucp.br,ucp.edu.ar,ucp.edu.pk,ucp.pt,ucr.ac.cr,ucr.edu,ucs.ac.uk,ucs.br,ucsa.edu.py,ucsal.br,ucsb.edu,ucsc.cl,ucsc.edu,ucsd.edu,ucsd.edu.do,ucse.edu.ar,ucsf.edu,ucsf.edu.ar,ucsg.edu.ec,ucsh.cl,ucsi.edu.my,ucsm.edu.pe,ucsur.edu.pe,ucsy.edu.mm,uct.ac.za,uct.cl,uct.edu.ec,ucti.edu.my,uctm.edu,ucu.ac.ug,ucu.edu.ar,ucu.edu.uy,ucuenca.edu.ec,ucv.cl,ucv.edu.pe,ucv.es,ucv.ro,ucy.ac.cy,ucyt.edu.ni,ud.ac.ae,ud.edu.sa,ud.edu.vn,uda.ac.id,uda.ad,uda.cl,uda.edu.ar,udabol.edu.bo,udallas.edu,udamail.fr,udayton.edu,udb.sn,udc.es,udca.edu.co,udch.edu.pe,ude.edu.uy,udea.edu.co,udec.cl,udec.edu.mx,udeh.edu.mx,udel.edu,udelas.ac.pa,udelmar.cl,udelosandes.edu.bo,udem.edu.co,udem.edu.mx,udem.edu.ni,udemm.edu.ar,udenar.edu.co,udep.edu.pe,udes.edu.co,udesa.edu.ar,udesarrollo.cl,udesc.br,udesmontagnes.org,udg.edu,udg.es,udg.mx,udh.edu.pe,udistrital.edu.co,udl.cat,udl.es,udladf.mx,udlap.mx,udmercy.edu,udn.vn,udo.edu.ve,udo.mx,udom.ac.tz,udoym.edu.do,udp.cl,uds.edu.gh,udsm.ac.tz,udv.edu.mx,ue-varna.bg,ue.edu.ph,ue.edu.pk,uea.ac.uk,ueab.ac.ke,uece.br,uees.edu.ec,uees.edu.sv,uef.ru,uefs.br,ueh.edu.ht,ueh.edu.vn,uek.krakow.pl,uel.ac.uk,uel.br,uem.br,uem.es,uem.ro,uema.br,uemc.es,uenf.br,uepb.edu.br,uepg.br,uerj.br,uerm.edu.ph,uern.br,ues.edu.sv,uesb.br,uesc.br,uesiglo21.edu.ar,uespi.br,uestc.edu.cn,uettaxila.edu.pk,uevora.pt,uew.edu.gh,uexternado.edu.co,ufabc.edu.br,ufac.br,ufal.br,ufar.am,ufasta.edu.ar,ufba.br,ufc.br,ufcg.edu.br,ufe.edu.eg,ufes.br,uff.br,ufg.br,ufg.edu.sv,ufgd.edu.br,ufh.ac.za,ufhec.edu.do,ufidelitas.ac.cr,ufjf.br,ufl.edu,ufla.br,uflo.edu.ar,ufm.edu.gt,ufma.br,ufmg.br,ufms.br,ufmt.br,ufop.br,ufp.pt,ufpa.br,ufpb.br,ufpe.br,ufpi.br,ufpr.br,ufps.edu.co,ufram.edu.mx,ufrgs.br,ufrj.br,ufrn.br,ufromail.cl,ufrontera.cl,ufrpe.br,ufrrj.br,ufs.br,ufsc.br,ufscar.br,ufsm.br,uft-plovdiv.bg,uft.edu.ve,ufu.br,ufuk.edu.tr,ufv.br,ufv.ca,ug.edu.ec,ug.edu.gh,ug.edu.pl,uga.edu,ugaf.rnu.tn,ugal.ro,ugatu.ac.ru,ugb.edu.sv,ugb.sn,ugd.edu.mk,ugent.be,ugf.br,ugf.edu,ugm.ac.id,ugm.cl,ugma.edu.ve,ugr.es,ugrancolombia.edu.co,ugto.mx,uh1.ac.ma,uh.cu,uh.edu,uhasselt.be,uhb.fr,uhispam.edu.ni,uhispanoamericana.ac.cr,uho.edu.cu,uhp-nancy.fr,uhsa.ag,uhu.es,ui.ac.id,ui.ac.ir,ui.edu.ng,uia.ac.cr,uia.es,uia.mx,uia.no,uiah.fi,uib.es,uib.kz,uib.no,uibe.edu.cn,uibk.ac.at,uic.edu,uic.edu.mx,uidaho.edu,uifesp.br,uigv.edu.pe,uii.ac.id,uika-bogor.ac.id,uillinois.edu,uimp.es,uindy.edu,uindy.edu.gr,uinjkt.ac.id,uinternacional.pt,uio.no,uiowa.edu,uir.ac.id,uis.edu,uis.edu.co,uis.no,uisek.cl,uisrael.ec,uist.edu.mk,uisu.ac.id,uit.no,uitm.edu.my,uits-bd.org,uiu.ac.bd,uiu.edu,uiuc.edu,uiw.edu,uj.ac.za,uj.edu.pl,uj.rnu.tn,ujaen.es,ujap.edu.ve,ujat.mx,ujcv.edu.hn,ujed.mx,ujep.cz,ujf-grenoble.fr,uji.es,ujmd.edu.sv,ujmv.edu,ujn.edu.cn,ujsierra.mx,uk-essen.de,uk.ac.ir,ukc.ac.uk,ukdw.ac.id,uke.de,ukf.sk,ukh.ac,uki.ac.id,ukim.edu.mk,ukings.ns.ca,uklo.edu.mk,ukm.my,ukma.kiev.ua,ukr.de,ukrfa.kharkov.ua,ukrida.ac.id,uksw.edu,uksw.edu.pl,uku.fi,uky.edu,ukzn.ac.za,ul.ac.za,ul.edu.lb,ul.ie,ul.pt,ula.edu.mx,ulaanbaatar.edu.mn,ulab.edu.bd,ulacit.ac.cr,uladech.edu.pe,ulagos.cl,ulam.edu.ni,ulapland.fi,ulare.cl,ulasalle.ac.cr,ulat.ac.pa,ulatina.ac.cr,ulatina.net,ulaval.ca,ulb.ac.be,ulbra.br,uleam.edu.ec,uleth.ca,ulg.ac.be,ulicori.ac.cr,ulim.md,ulima.edu.pe,ulisboa.pt,ulk.ac.rw,ull.es,ulm.edu,ulpgc.es,ulsa.edu.mx,ulsab.edu.mx,ulsac.edu.mx,ulsan.ac.kr,ulsop.ac.uk,ulst.ac.uk,ulstu.ru,uludag.edu.tr,ulusiada.pt,ulusofona.pt,um1ygn.edu.mm,um5a.ac.ma,um5s.ac.ma,um5s.net.ma,um.ac.ir,um.edu.ar,um.edu.mt,um.edu.my,um.edu.uy,um.es,um.rnu.tn,uma.ac.ir,uma.co.ao,uma.edu.py,uma.edu.sv,uma.es,uma.pt,uma.rnu.tn,umac.mo,umad.edu.mx,umag.cl,umail.utah.edu,umaine.edu,uman.edu.mx,umanitoba.ca,umanizales.edu.co,umar.mx,umariana.edu.co,umaritima.cl,umary.edu,umassmed.edu,umayor.cl,umaza.edu.ar,umb.edu.co,umb.sk,umbb.dz,umbc.edu,umc.br,umc.edu,umc.edu.dz,umcc.cu,umce.cl,umd.edu,umdnj.edu,umds.ac.uk,ume.cl,umes.edu,umfcluj.ro,umfiasi.ro,umft.ro,umftgm.ro,umg.edu.gt,umh.ac.be,umh.es,umhb.edu,umi-mdn.edu,umi-pk.com,umi.ac.id,umi.edu.mx,umich.edu,umich.mx,umindanao.edu.ph,uminho.pt,umit.at,umj.ac.id,umk.ac.id,umk.edu.my,umkc.edu,umla.edu.mx,umm.ac.id,umm.edu,umm.edu.mx,ummgl.ac.id,ummto.dz,umn.edu,umng.edu.co,umoar.edu.sv,umobile.edu,umoderna.pt,umoncton.ca,umontemorelos.edu.mx,umontreal.ca,ump.edu.my,ump.edu.pl,ums.ac.id,ums.edu,ums.edu.my,umsa.edu.ar,umsa.edu.mx,umsha.ac.ir,umsl.edu,umss.edu.bo,umsu.ac.id,umsu.ac.ir,umt.edu,umt.edu.my,umt.edu.pk,umtweb.edu,umu.ac.ug,umu.se,umuc.edu,umutarapolytech.ac.rw,umwestern.edu,umy.ac.id,umz.ac.ir,un.edu.mx,un.mx,una.ac.cr,una.an,una.edu,una.edu.ni,una.edu.ve,unab.cl,unab.edu.co,unab.edu.sv,unac.edu.co,unac.edu.pe,unacar.mx,unach.cl,unach.edu.ec,unach.mx,unachi.ac.pa,unachile.cl,unad.edu.co,unad.edu.do,unadmexico.mx,unadp.ac.pa,unaerp.br,unah.edu.hn,unai.edu,unair.ac.id,unak.is,unal.edu.co,unam.ac.cr,unam.edu.ar,unam.mx,unam.na,unama.br,unan.edu.ni,unand.ac.id,unap.cl,unap.edu.pe,unapec.edu.do,unarte.ro,unas.ac.id,unas.edu.pe,unasa.edu.sv,unasam.edu.pe,unat.ens.tn,unatc.ro,unaula.edu.co,unav.es,unavarra.es,unb.br,unb.ca,unbc.ca,unbosque.edu.co,unbsj.ca,unc.edu,unc.edu.ar,unc.edu.pe,unc.edu.ph,unca.edu,unca.edu.ar,uncc.edu,uncen.ac.id,uncfsu.edu,uncg.edu,uncoma.edu.ar,uncp.edu,uncp.edu.pe,uncu.edu.ar,uncwil.edu,undana.ac.id,undip.ac.id,une.edu,une.edu.au,une.edu.mx,une.edu.pe,une.edu.py,une.edu.ve,uneb.br,uned.ac.cr,uned.es,unefa.edu.do,unefa.edu.ve,unefm.edu.ve,uneg.edu.ve,unej.ac.id,unellez.edu.ve,unem.edu,unep.edu.ph,uner.edu.ar,unerg.edu.ve,unermb.edu.ve,unes.edu.mx,unesa.ac.id,unesc.net,unesco-ihe.org,unesp.br,unesr.edu.ve,unesur.edu.ve,unet.edu.ve,unex.es,unexpo.edu.ve,unf.edu,unf.edu.ar,ung.ac.id,ung.br,ung.si,ungs.edu.ar,unh.edu,unhamzah.ac.id,unhas.ac.id,unheval.edu.pe,uni-ak.ac.at,uni-augsburg.de,uni-bamberg.de,uni-bayreuth.de,uni-bielefeld.de,uni-bocconi.it,uni-bonn.de,uni-bremen.de,uni-corvinus.hu,uni-dortmund.de,uni-dubna.ru,uni-due.de,uni-duesseldorf.de,uni-duisburg-essen.de,uni-erfurt.de,uni-erlangen.de,uni-flensburg.de,uni-frankfurt.de,uni-freiburg.de,uni-giessen.de,uni-goettingen.de,uni-graz.at,uni-greifswald.de,uni-halle.de,uni-hamburg.de,uni-hannover.de,uni-heidelberg.de,uni-hildesheim.de,uni-hohenheim.de,uni-jena.de,uni-karlsruhe.de,uni-kassel.de,uni-kiel.de,uni-kl.de,uni-klu.ac.at,uni-koblenz-landau.de,uni-koblenz.de,uni-koeln.de,uni-konstanz.de,uni-landau.de,uni-leipzig.de,uni-linz.ac.at,uni-lj.si,uni-luebeck.de,uni-lueneburg.de,uni-magdeburg.de,uni-mainz.de,uni-mannheim.de,uni-marburg.de,uni-mb.si,uni-miskolc.hu,uni-muenchen.de,uni-muenster.de,uni-obuda.hu,uni-oldenburg.de,uni-osnabrueck.de,uni-paderborn.de,uni-pannon.hu,uni-passau.de,uni-plovdiv.bg,uni-potsdam.de,uni-regensburg.de,uni-rostock.de,uni-ruse.bg,uni-saarland.de,uni-siegen.de,uni-sofia.bg,uni-stuttgart.de,uni-svishtov.bg,uni-sz.bg,uni-trier.de,uni-tuebingen.de,uni-ulm.de,uni-vechta.de,uni-vologda.ac.ru,uni-vt.bg,uni-weimar.de,uni-wh.de,uni-wuerzburg.de,uni-wuppertal.de,uni.edu,uni.edu.ni,uni.edu.pe,uni.kn,uni.li,uni.lodz.pl,uni.lu,uni.opole.pl,uni.pt,uni.sydney.edu.au,uni.udm.ru,uni.wroc.pl,unia.ao,uniacc.cl,uniactiva.com,uniag.sk,uniamazonia.edu.co,unian.it,uniandes.edu.co,uniara.com.br,uniatlantico.edu.co,unib.ac.id,unib.br,uniba.it,uniba.sk,uniban.br,unibas.ch,unibas.it,unibe.ch,unibe.edu.do,unibg.it,unibl.org,unibo.edu.ar,unibo.it,unibosco.br,uniboyaca.edu.co,unibrasil.com.br,unibs.it,unibuc.ro,unibw-hamburg.de,unibw-muenchen.de,unibw.de,unibz.it,unic.ac.cy,unica.cu,unica.edu.do,unica.edu.mx,unica.edu.ni,unica.edu.pe,unica.edu.ve,unica.it,unicach.edu.mx,unicaen.fr,unicah.edu,unical.it,unicam.it,unicamp.br,unicampus.it,unican.es,unicap.br,unicaribe.edu.do,unicartagena.edu.co,unicas.it,unicastelo.br,unicatt.it,unice.fr,unicen.edu.ar,unicen.edu.bo,unicesar.edu.co,uniceub.br,unich.it,unicid.br,unicit.cl,unicit.edu.ni,unicordoba.edu.co,unicorncollege.cz,unicsul.br,unict.it,unicyb.kiev.ua,unida.edu.py,unideb.hu,unidis.ac.cr,unidistance.ch,unidu.hr,uniedpa.com,uniel.edu.al,uniese.it,unifacs.br,unifap.br,unife.edu.pe,unife.it,unifenas.br,unifesp.br,unifg.it,unifi.it,unifiji.ac.fj,unifil.br,unifor.br,unifr.ch,unifran.br,unifranz.edu.bo,unig.br,unige.ch,unige.it,unigoro.ac.id,unigranrio.br,unigre.it,uniguajira.edu.co,unik-kediri.ac.id,unika.ac.id,unikal.ac.id,unikin.cd,unikino.mx,unikl.edu.my,unikom.ac.id,unil.ch,unila.ac.id,unilak.ac.id,unile.it,unileoben.ac.at,unileon.es,unilibre.edu.co,unilim.fr,unilink.it,unillanos.edu.co,unilu.ch,uniludes.ch,unilus.ac.zm,unima.ac.id,unima.mw,unimaas.nl,unimagdalena.edu.co,unimap.edu.my,unimar.br,unimarconi.it,unimas.my,unimayab.edu.mx,unimc.it,unime.it,unimed.ac.id,unimelb.edu.au,unimep.br,unimes.com.br,unimet.edu.ve,unimetro.edu.co,unimetro.edu.hn,unimetroangola.com,unimex.edu.mx,unimi.it,unimib.it,unimo.it,unimol.it,unimonte.br,unimontes.br,unimoron.edu.ar,unina2.it,unina.it,uninav.it,unincca.edu.co,unine.ch,uninet.cm,uninettuno.it,uninorte.edu.co,uninorte.edu.py,uninova.sk,uninove.edu.br,uninp.edu.rs,uninsubria.it,uninus.ac.id,unioeste.br,union.edu,unionky.edu,unios.hr,uniosun.edu.ng,uniovi.es,unip-objetivo.br,unipa.it,unipamplona.edu.co,unipavaresia.edu.al,unipaz.edu.co,unipd.it,unipdu.ac.id,unipe.br,unipg.it,unipi.gr,unipi.it,unipiloto.edu.co,unipli.com.br,unipo.sk,unipr.it,unipu.hr,unipune.ac.in,unipv.it,uniq.edu,uniquindio.edu.co,unir.br,unirazak.edu.my,unirc.it,uniremhos.edu.do,uniri.hr,unirio.br,unirioja.es,uniriotec.br,uniroma1.it,uniroma2.it,uniroma3.it,unirsm.sm,unis.edu.gt,unisa.ac.za,unisa.br,unisa.edu.au,unisa.it,unisabana.edu.co,unisal.it,unisannio.it,unisantos.com.br,unisba.ac.id,unisc.br,unisel.edu.my,unisg.ch,unisg.it,unishk.edu.al,unisi.ch,unisi.it,unisimonbolivar.edu.co,unisinos.br,unisinucartagena.edu.co,unisma.ac.id,unismuh.ac.id,uniso.br,unisob.na.it,unison.mx,unisri.ac.id,uniss.it,unissa.edu.bn,unissula.ac.id,unist.hr,unistangerang.ac.id,unistra.fr,unistrapg.it,unistrasi.it,unisucre.edu.co,unisul.br,uniswa.sz,unit.br,unitar.edu.my,unitau.br,unitau.com.br,unitbv.ro,unite.edu.mk,unite.it,unitec.edu,unitec.edu.ve,unitec.mx,unitech.ac.pg,uniten.edu.my,unitir.edu.al,unitn.it,unito.it,unitomo.ac.id,unitru.edu.pe,unitus.it,unity.edu,unityhealth.to,uniube.br,uniud.it,uniurb.it,univ-ab.pt,univ-ag.fr,univ-alger3.dz,univ-alger.dz,univ-amu.fr,univ-angers.fr,univ-annaba.dz,univ-antananarivo.mg,univ-antsiranana.mg,univ-artois.fr,univ-avignon.fr,univ-batna.dz,univ-bejaia.dz,univ-biskra.dz,univ-blida.dz,univ-bpclermont.fr,univ-brest.fr,univ-catholyon.fr,univ-chlef.dz,univ-constantine2.dz,univ-corse.fr,univ-douala.com,univ-dschang.org,univ-emir.dz,univ-evry.fr,univ-fcomte.fr,univ-fianar.mg,univ-ghardaia.dz,univ-grenoble.fr,univ-guelma.dz,univ-ibntofail.ac.ma,univ-inpt.fr,univ-jijel.dz,univ-k.rnu.tn,univ-lehavre.fr,univ-lemans.fr,univ-lille1.fr,univ-lille2.fr,univ-lille3.fr,univ-littoral.fr,univ-lome.tg,univ-lr.fr,univ-lyon1.fr,univ-lyon2.fr,univ-lyon3.fr,univ-mahajanga.mg,univ-metz.fr,univ-mlv.fr,univ-mngb.net,univ-montp1.fr,univ-montp2.fr,univ-montp3.fr,univ-mosta.dz,univ-mrs.fr,univ-msila.dz,univ-mulhouse.fr,univ-nancy2.fr,univ-nantes.fr,univ-ndjamena.org,univ-nkc.mr,univ-oeb.dz,univ-oran.dz,univ-orel.ru,univ-orleans.fr,univ-ouaga.bf,univ-oujda.ac.ma,univ-ovidius.ro,univ-paris1.fr,univ-paris3.fr,univ-paris5.fr,univ-paris8.fr,univ-paris12.fr,univ-paris13.fr,univ-paris-diderot.fr,univ-pau.fr,univ-perp.fr,univ-poitiers.fr,univ-reims.fr,univ-rennes1.fr,univ-reunion.fr,univ-rouen.fr,univ-saida.dz,univ-savoie.fr,univ-sba.dz,univ-setif.dz,univ-skikda.dz,univ-st-etienne.fr,univ-tebessa.dz,univ-tiaret.dz,univ-tlemcen.dz,univ-tln.fr,univ-tlse1.fr,univ-tlse2.fr,univ-toamasina.mg,univ-toliara.mg,univ-toulouse.fr,univ-tours.fr,univ-ubs.fr,univ-usto.dz,univ-valenciennes.fr,univ.gda.pl,univ.kiev.ua,univ.rzeszow.pl,univ.szczecin.pl,univ.trieste.it,univa.mx,univagro-iasi.ro,univale.br,univali.br,univalle.edu,univalle.edu.co,univap.br,univaq.it,univas.edu.mx,univasf.edu.br,univates.br,univcb.ro,univd.edu.ua,univdhaka.edu,unive.it,univen.ac.za,univer.kharkov.ua,univermed-cdgm.ro,universidad-policial.edu.ar,universidadarcis.cl,universidaddeleon.edu.mx,universidade-autonoma.pt,universidadlaconcordia.edu.mx,universidadmotolinia.edu.mx,universidadnotarial.edu.ar,universidadsalesiana.edu.mx,universitadipavia.it,universitateamaritima.ro,university.kherson.ua,universitycanadawest.ca,universityliberia.org,universityofcalifornia.edu,universityofgalway.ie,universityofsomalia.net,universo.br,univesp.br,univet.hu,univgb.rnu.tn,univie.ac.at,univillarica.mx,univlora.edu.al,univmed.fr,univmetiers.ci,univnorthco.edu,univo.edu.sv,univpancasila.ac.id,univr.it,uniwest.ac.za,uniyar.ac.ru,uniza.sk,unizar.es,unizd.hr,unizg.hr,unizh.ch,unizwa.edu.om,unj.ac.id,unja.ac.id,unjani.ac.id,unjbg.edu.pe,unjfsc.edu.pe,unju.edu.ar,unk.edu,unkhair.ac.id,unkorce.edu.al,unkris.ac.id,unl.ac.uk,unl.edu,unl.edu.ar,unl.edu.ec,unl.pt,unla.edu.ar,unla.edu.mx,unlam.ac.id,unlam.edu.ar,unlar.edu.ar,unlp.edu.ar,unlpam.edu.ar,unlu.edu.ar,unlv.edu,unlz.edu.ar,unm.ac.id,unm.edu,unmb.ro,unmc.edu,unmer-madiun.ac.id,unmer.ac.id,unmo.ba,unmsm.edu.pe,unmuhjember.ac.id,unmul.ac.id,unn.ac.ru,unn.ac.uk,unne.edu.ar,unnes.ac.id,unnet.es,unnoba.edu.ar,uno-r.edu.ph,uno.edu,unoesc.edu.br,unoeste.br,unomaha.edu,unopar.br,unp.ac.id,unp.br,unp.edu.ar,unp.edu.pe,unp.edu.ph,unpa.edu.ar,unpad.ac.id,unpak.ac.id,unpar.ac.id,unpas.ac.id,unpatti.ac.id,unphu.edu.do,unq.edu.ar,unr.ac.id,unr.edu,unr.edu.ar,unram.ac.id,unrc.edu.ar,unri.ac.id,uns.ac.id,uns.ac.rs,uns.edu.ar,uns.edu.pe,unsa.ba,unsa.edu.ar,unsa.edu.pe,unsaac.edu.pe,unsada.ac.id,unsam.edu.ar,unse.edu.ar,unsil.ac.id,unsj.edu.ar,unsl.edu.ar,unslp.edu.bo,unsm.edu.pe,unsoed.ac.id,unsrat.ac.id,unsri.ac.id,unssa.edu.sv,unssa.rs.ba,unsta.edu.ar,unsw.edu.au,unswagati-crb.ac.id,unsxx.edu.bo,unsyiah.ac.id,unt.edu,unt.edu.ar,untad.ac.id,untag-banyuwangi.ac.id,untag-smd.ac.id,untagsmg.ac.id,untan.ac.id,untar.ac.id,untirta.ac.id,untref.edu.ar,untumbes.edu.pe,untz.ba,unu.edu.pe,unud.ac.id,unva.cz,unva.edu,unvi.edu.ba,unw.ac,unw.edu,unw.edu.pk,unwe.bg,unwiku.ac.id,uny.ac.id,unyp.cz,unyt.edu.al,unze.ba,uo.edu.cu,uoa.gr,uoanbar.edu.iq,uob.edu.bh,uob.edu.iq,uob.ga,uobabylon.edu.iq,uobasrah.edu.iq,uoc.es,uoc.gr,uod.ac,uodiyala.edu.iq,uoe.edu.pk,uofa.edu,uofd.edu.sd,uofk.edu,uofs.edu,uog.ac.pg,uog.edu,uog.edu.et,uog.edu.pk,uogj.edu.al,uoguelph.ca,uoh.edu.sa,uoi.gr,uoit.ca,uoit.net,uok.ac.ir,uok.edu.pk,uok.edu.sy,uokerbala.edu.iq,uokirkuk.edu.iq,uokufa.edu.iq,uom.ac.mu,uom.edu.mx,uom.edu.pk,uom.gr,uom.lk,uomisan.edu.iq,uomosul.edu.iq,uomustansiriyah.edu.iq,uonbi.ac.ke,uop.edu.jo,uop.gr,uophx.edu,uoradea.ro,uoregon.edu,uos.ac.kr,uos.de,uos.edu.pk,uotechnology.edu.iq,uottawa.ca,uou.edu.ps,uovs.ac.za,uow.edu.au,uowasit.edu.iq,uowdubai.ac.ae,uowm.gr,uoz.ac.ir,up45.ac.id,up.ac.pa,up.ac.za,up.com.br,up.edu.pe,up.edu.ph,up.edu.ps,up.mx,up.pt,up.wroc.pl,upa.cl,upa.ro,upacifico.cl,upacifico.edu.ec,upaep.mx,upal.edu,upan.edu.sv,upana.edu.gt,upatras.gr,upb.de,upb.edu,upb.edu.co,upb.edu.ph,upc.edu,upc.edu.pe,upce.cz,upch.edu.pe,upco.es,upct.es,upd.edu.ph,upds.edu.bo,upe.br,upe.edu.py,upeace.org,upei.ca,upel.edu.ve,upenn.edu,upes.edu.sv,upet.ro,upeu.edu.pe,upf.edu,upf.es,upf.pf,upg-ploiesti.ro,uph.edu,upi.edu,upis.br,upit.ro,upjs.sk,upla.edu.pe,uplb.edu.ph,upm.edu.my,upm.edu.ph,upm.es,upm.ro,upmc.edu,upmc.fr,upmf-grenoble.fr,upmin.edu.ph,upn.mx,upnet.gr,upnfm.edu.hn,upng.ac.pg,upnjatim.ac.id,upnorte.edu.pe,upo.es,upol.cz,upoli.edu.ni,uportu.pt,upou.org,upr.ac.id,upr.edu,upr.edu.cu,upr.si,upra.edu,upra.org,uprag.edu,uprb.edu,uprc.edu,uprm.edu,uprrp.edu,uprutuado.edu,ups-tlse.fr,ups.edu,ups.edu.ec,upsa.edu.bo,upsa.es,upsi.edu.my,upsjb.edu.pe,upstate.edu,upstegal.ac.id,upt.al,upt.edu.pe,uptc.edu.co,upv.edu.ph,upv.es,uq.edu.au,uq.net.au,uqac.ca,uqam.ca,uqconnect.edu.au,uqo.ca,uqroo.mx,uqtr.ca,uqu.edu.sa,uquebec.ca,ur.mx,uraccan.edu.ni,urbana.edu,urbaniana.edu,urbe.edu,urbe.it,urc.ac.ru,urca.br,uregina.ca,urfu.ru,urgrgcc.edu,uri.br,uri.edu,urich.edu,urjc.es,url.edu.gt,url.es,urmc.rochester.edu,urmh.edu.mx,urmia.ac.ir,urosario.edu.co,urp.edu.pe,urse.edu.mx,ursinus.edu,ursuline.edu,uru.edu,urural.edu.gt,urv.cat,urv.es,us.edu.pl,us.es,usa.edu.ph,usa.edu.pk,usaaa.ru,usab-tm.ro,usab.ro,usac.edu.gt,usac.edu.mx,usach.cl,usafa.af.mil,usaim.edu,usal.es,usalesiana.edu.bo,usam.ac.cr,usam.edu.sv,usam.md,usamvcluj.ro,usanandres.cl,usao.edu,usart.ru,usask.ca,usb.ac.ir,usb.edu.co,usb.edu.mx,usb.md,usb.ve,usc.ac.ir,usc.br,usc.edu,usc.edu.au,usc.edu.cn,usc.edu.ph,usc.edu.tt,usc.edu.tw,usc.es,uscon.ru,uscsumter.edu,usd.ac.id,usd.edu,usek.edu.lb,usenghor-francophonie.org,usep.edu.ph,userena.cl,usergioarboleda.edu.co,usf.br,usf.edu,usfca.edu,usfea.ru,usfq.edu.ec,usfx.edu.bo,usfx.info,ush.sd,usherb.ca,usherbrooke.ca,usi.ac.id,usi.ch,usi.edu,usil.pe,usindh.edu.pk,usip.edu,usiu.ac.ke,usiu.edu,usj.edu.lb,usj.edu.mo,usj.es,usjr.edu.ph,usla.ru,usm.ac.id,usm.cl,usm.edu,usm.edu.ec,usm.edu.ph,usm.md,usm.my,usma.ac.pa,usma.edu,usmba.ac.ma,usmf.md,usmga.ru,usmma.edu,usmp.edu.pe,usmp.pe,usmtu.edu.ua,usna.edu,usoms.poznan.pl,uson.mx,usonsonate.edu.sv,usouthal.edu,usp.ac.fj,usp.br,usp.edu.pe,usp.ph,usq.edu.au,uss.cl,uss.rnu.tn,ussa.edu,usst.edu.cn,ust.cl,ust.edu,ust.edu.ph,ust.edu.sd,ust.hk,ust.md,usta.edu.co,ustb.edu.cn,ustb.edu.pk,ustboniface.mb.ca,ustc.edu.cn,usthb.dz,ustmb.ac.ir,ustpaul.ca,ustu.ru,usu.ac.id,usu.br,usu.edu,usu.ru,usue.ru,usuft.kiev.ua,usuhs.edu,usv.ro,usw.edu,uswr.ac.ir,usyd.edu.au,ut-capitole.fr,ut.ac.id,ut.ac.ir,ut.edu.co,ut.edu.sa,ut.ee,ut.pr,uta.cl,uta.edu,uta.edu.ec,uta.fi,utad.pt,utadeo.edu.co,utah.edu,utaipei.edu.tw,utalca.cl,utampa.edu,utanga.co.ao,utar.edu.my,utas.edu.au,utb.cz,utb.edu,utb.edu.ec,utbm.fr,utc.edu,utc.edu.ec,utc.fr,utcb.ro,utcc.ac.th,utch.edu.co,utcluj.ro,utdallas.edu,utdt.edu,ute.edu.do,ute.edu.ec,utea.edu.pe,utec.edu.sv,utech.edu.jm,utelvt.edu.ec,utem.cl,utem.edu.my,utep.edu,uteq.edu.ec,utesa.edu,utesur.edu.do,utexas.edu,utfpr.edu.br,utfsm.cl,utgjiu.ro,uth.gr,uth.hn,uthct.edu,uthm.edu.my,uthouston.edu,uthsc.edu,uthscsa.edu,utibet.edu.cn,utk.edu,utl.pt,utla.edu.sv,utm.ac.id,utm.ac.mu,utm.edu,utm.edu.ec,utm.md,utm.mx,utm.my,utm.rnu.tn,utm.ro,utmachala.edu.ec,utmb.edu,utn.edu.ar,utn.edu.ec,utneza.edu.mx,uto.edu.bo,utoledo.edu,utoronto.ca,utp.ac.id,utp.ac.pa,utp.edu.co,utp.edu.pe,utp.edu.pl,utpb.edu,utpl.edu.ec,uts.edu.au,utsa.edu,utsi.edu,utsouthwestern.edu,utsystem.edu,utt.edu.tt,utt.fr,utt.ro,uttyl.edu,utu.fi,utulsa.edu,utunis.rnu.tn,utur.ac.cr,utwente.nl,uu-sy.com,uu.edu,uu.nl,uu.se,uum.edu.my,uut.ac.ir,uv.cl,uv.edu.ph,uv.es,uv.mx,uva.br,uva.es,uva.nl,uvanet.br,uvas.edu.pk,uvauga.ru,uvb.edu.mx,uven.ru,uveritas.ac.cr,uvg.edu.gt,uvh.nl,uvi.edu,uvic.ca,uvic.cat,uvic.edu,uvic.es,uvigo.es,uvm.cl,uvm.edu,uvm.edu.ve,uvm.sk,uvmnet.edu,uvs.edu,uvsc.edu,uvsq.fr,uvt.edu.mx,uvt.rnu.tn,uvt.ro,uvu.edu.cn,uvvg.ro,uvvnet.com.br,uw.edu,uw.edu.pl,uwa.edu,uwa.edu.au,uwasa.fi,uwaterloo.ca,uwc.ac.za,uwe.ac.uk,uwec.edu,uwed.uz,uwf.edu,uwgb.edu,uwi.tt,uwic.ac.uk,uwichill.edu.bb,uwiener.edu.pe,uwimona.edu.jm,uwindsor.ca,uwinnipeg.ca,uwla.edu,uwlax.edu,uwm.edu,uwm.edu.pl,uwo.ca,uwosh.edu,uwp.edu,uwplatt.edu,uwrf.edu,uws.edu.au,uwsp.edu,uwstout.edu,uwsuper.edu,uww.edu,uwyo.edu,uxac.edu.mx,uz.ac.zw,uz.rnu.tn,uzh.ch,uzpak.uz,uzswlu.uz,uzulu.ac.za,va.lv,valahia.ro,valdosta.edu,valpo.edu,vamk.fi,vanarts.com,vanderbilt.edu,vandercook.edu,vaneduc.edu.ar,vanguard.edu,vassar.edu,vc.co.za,vc.edu,vcc.ca,vccs.edu,vcl.sld.cu,vcu.edu,vdu.lt,vermontlaw.edu,vesalius.edu,vet-alfort.fr,vet-lyon.fr,vet-nantes.fr,veths.no,vfcc.edu,vfu.bg,vfu.cz,vgafk.ru,vgasa.ru,vgta.vrn.ru,vgtu.lt,viacesi.fr,vic.edu,vic.edu.au,vieup.ru,villanova.edu,villanueva.edu,vimaru.edu.vn,virginia.edu,virginiogomez.cl,vit.ac.in,viterbo.edu,viu.ca,viu.edu,viu.edu.pa,vives.be,vkgu.kz,vlekho.be,vlerick.be,vlerick.com,vlsu.ru,vmi.edu,vmuf.edu.ph,vnmu.vn.ua,vnn.vn,vntu.edu.ua,vntu.net,vnu.edu.vn,vnuhcm.edu.vn,volsu.ru,voorhees.edu,vosp.cz,vpu.lt,vru.ac.ir,vsau.ru,vsavm.com,vsb.cz,vsc.edu,vscht.cz,vsci.cz,vse.cz,vsfs.cz,vsl.nl,vslib.cz,vsm.sk,vsma.info,vsmu.sk,vsp.cz,vspj.cz,vspu.ac.ru,vspu.ru,vssladkovicovo.sk,vssvalzbety.sk,vstu.ru,vstu.vinnica.ua,vsu.by,vsu.edu,vsu.ru,vsvu.sk,vt.edu,vtu.edu,vu-wien.ac.at,vu.ac.th,vu.edu.au,vu.edu.pk,vu.lt,vu.nl,vub.ac.be,vub.be,vumk.eu,vut.ac.za,vutbr.cz,vuu.edu,vuw.ac.nz,vvpedulink.ac.in,vvsu.ru,vvu.edu.gh,vwa-gruppe-net.de,vwc.edu,vxu.se,vyatsu.ru,w-hs.de,wabash.edu,wageningenuniversity.nl,wagner.edu,wahmedicalcollege.edu.pk,waikato.ac.nz,wak-sh.de,waldenu.edu,wales.ac.uk,walsh.edu,warnborough.edu,warner.edu,warnerpacific.edu,warren-wilson.edu,wartburg.edu,warwick.ac.uk,waseda.jp,washburn.edu,washcoll.edu,washington.edu,wat.edu.pl,wayne.edu,waynesburg.edu,wbcoll.edu,wbu.edu,wcmo.edu,wcslc.edu,wcu.edu,wcupa.edu,webber.edu,weber.edu,webster.ac.at,webster.ac.th,webster.ch,webster.edu,weizmann.ac.il,wells.edu,wenk.be,wesley.edu,wesleyan-college.edu,wesleyan.edu,wesleyan.edu.ph,westcoastuniversity-edu.com,westcoastuniversity.com,western.edu,western.edu.kh,westernbible.edu,westernu.edu,westga.edu,westhill.edu.mx,westminster.ac.uk,westminster.edu,westminster.edu.my,westmont.edu,westwood.edu,wfu.edu,wgalil.ac.il,wgu.edu,whitman.edu,whittier.edu,whitworth.edu,whu-koblenz.de,whu.edu.cn,whut.edu.cn,widener.edu,widyagama.ac.id,widyakarya.ac.id,widyatama.ac.id,wilberforce.edu,wileyc.edu,wilkes.edu,willamette.edu,williamgilbert.co.uk,wilson.edu,wima.ac.id,wimbledon.ac.uk,windesheim.nl,windsor.edu,wingate.edu,winthrop.edu,wintu.edu,wisc.edu,wise.edu.jo,wisnuwardhana.ac.id,wit.ie,wits.ac.za,wittenberg.edu,wittenborg.eu,wiu.edu,wiu.edu.sy,wiut.uz,wju.edu,wkau.kz,wku.edu,wlc.edu,wlodkowic.pl,wlu.ca,wlu.edu,wlv.ac.uk,wm.edu,wmcarey.edu,wmich.edu,wmitchell.edu,wmpenn.edu,wmsu.edu.ph,wmu.se,wnmu.edu,wofford.edu,wolfert.nl,wonkwang.ac.kr,wooster.edu,woosuk.ac.kr,worc.ac.uk,wou.edu,wou.edu.my,wpi.edu,wpunj.edu,wrh.ox.ac.uk,wright.edu,wsb-nlu.edu.pl,wsb.poznan.pl,wsc.edu,wsfiz.edu.pl,wsh.edu.pl,wship.edu.pl,wsinf.edu.pl,wsisiz.edu.pl,wsiz.rzeszow.pl,wsm.szczecin.pl,wsms.edu.pl,wsnet.ru,wsnhid.pl,wsp.czest.pl,wsp.krakow.pl,wsp.slupsk.pl,wsp.zgora.pl,wspiz.edu.pl,wsps.waw.pl,wsptwpwaw.edu.pl,wssu.edu,wsu.ac.za,wsu.edu,wsub.waw.pl,wsulaw.edu,wsz-pou.edu.pl,wsz.pl,wszib.krakow.pl,wszim.edu.pl,wtamu.edu,wu-wien.ac.at,wu.ac.th,wu.edu.az,wub.edu,wum.edu.pl,wur.nl,wustl.edu,wvsom.edu,wvsu.edu.ph,wvu.edu,wvwc.edu,wwsis.pl,wwu.de,wwu.edu,www.karelia.ru,www.luz.ve,www.mil.lv,www.ucv.ve,www.uem.mz,www.ula.ve,www.una.py,www.unbi.ba,www.unsa.ba,www.unza.zm,www.usb.ve,wyu.edu.cn,xahu.edu.cn,xauat.edu.cn,xaut.edu.cn,xhcom.edu.cn,xhu.edu.cn,xidian.edu.cn,xios.be,xjau.edu.cn,xjnu.edu.cn,xjtu.edu.cn,xmu.edu.cn,xtu.edu.cn,xu.edu,xu.edu.ph,xula.edu,y-nov.com,yacambu.edu.ve,yai.ac.id,yale.edu,yalova.edu.tr,yar.ru,yarsi.ac.id,yasar.edu.tr,yds.edu.vn,yeditepe.edu.tr,yeungnam.ac.kr,yic.edu.sa,yildiz.edu.tr,ym.edu.tw,yma.ac.ru,ynu.ac.jp,ynu.jp,yonsei.ac.kr,york.ac.uk,york.edu,yorku.ca,yorkuniversity.us,ypu.edu.sy,ysmu.am,ysu.am,ysu.edu,ysu.ru,yu.ac.ir,yu.edu,yu.edu.jo,yukoncollege.yk.ca,yums.ac.ir,yuntech.edu.tw,yvc.ac.il,yyu.edu.tr,yzu.edu.tw,zamorano.edu,zau.ru,zawiya.edu.pk,zbw.ch,zcu.cz,zhaw.ch,zju.edu.cn,zntu.edu.ua,znu.ac.ir,znu.edu.ua,zpsb.szczecin.pl,zpu.edu.jo,zslt.klucznet.pl,zu.ac.ae,zu.edu.eg,zums.ac.ir,zut.edu.pl,zuyd.nl,staff.uni-marburg.de,utp.ac.pa,gorgas.gob.pa,clin.au.dk,uni.au.dk,rai.usc.es